"id";"stageName";"name";"surname";"dateOfBirth";"recordLabel"
1;"Michael Jackson";"Michael";"Jackson";"1958-08-29";"Epic Records"
2;"Freddie Mercury";"Freddie";"Mercury";"1946-09-05";"EMI"
3;"Elvis Presley";"Elvis";"Presley";"1935-01-08";"RCA Records"
4;"Bob Dylan";"Bob";"Dylan";"1941-05-24";"Columbia Records"
5;"Paul McCartney";"Paul";"McCartney";"1942-06-18";"Capitol Records"
6;"John Lennon";"John";"Lennon";"1940-10-09";"Apple Records"
7;"John Coltrane";"John";"Coltrane";"1926-09-23";"Impulse! Records"
8;"Jimi Hendrix";"Jimi";"Hendrix";"1942-11-27";"Track Records"
9;"Stevie Wonder";"Stevie";"Wonder";"1950-05-13";"Tamla"
10;"Eagles";"";"";"";"Asylum Records"
11;"Led Zeppelin";"";"";"";"Atlantic Records"
12;"The Rolling Stones";"";"";"";"Decca Records"
13;"The Beatles";"";"";"";"Parlophone"
14;"Tina Turner";"Tina";"Turner";"1939-11-26";"Capitol Records"
15;"Madonna";"Madonna";"";"1958-08-16";"Sire Records"
16;"The Police";"";"";"";"A&M Records"
17;"Chuck Berry";"Chuck";"Berry";"1926-10-18";"Chess Records"
18;"Ritchie Valens";"Ritchie";"Valens";"1941-05-13";"Del-Fi Records"
19;"Whitney Houston";"Whitney";"Houston";"1963-08-09";"Arista Records"
20;"Nirvana";"";"";"";"Sub Pop"
21;"The Beatles";"";"";"";"Apple Records"
22;"Elvis Costello";"Elvis";"Costello";"1954-08-25";"Radar Records"
23;"Little Richard";"Little";"Richard";"1932-12-05";"Specialty Records"
24;"Buddy Holly";"Buddy";"Holly";"1936-09-07";"Coral Records"
25;"The Beach Boys";"";"";"";"Capitol Records"
26;"The Who";"";"";"";"Polydor Records"
