"id";"name";"surname";"productionLabel"
1;"Joe";"Rogan";"Rogan Studios"
2;"Sarah";"Koenig";"Serial Productions"
3;"Michael";"Barbaro";"The Daily Productions"
4;"Chris";"Anderson";"TED Talks"
5;"Guy";"Raz";"How I Built This Productions"
6;"Josh";"Clark";"Stuff You Should Know"
7;"Jad";"Abumrad";"Radiolab Productions"
8;"Tim";"Ferriss";"Ferriss Media"
9;"Wendy";"Zukerman";"Science Vs Studios"
10;"Catherine";"Burns";"The Moth"
11;"Stephen";"Dubner";"Freakonomics Radio"
12;"Michelle";"Obama";"Higher Ground"
13;"Dax";"Shepard";"Armchair Umbrella"
14;"Chris";"Anderson";"TED Talks"
15;"Tony";"Robbins";"Robbins Research International"
16;"Sam";"Altman";"How to Start a Startup Productions"
17;"Gary";"Vaynerchuk";"VaynerMedia"
18;"Dave";"Ramsey";"Ramsey Network"
19;"Malcolm";"Gladwell";"Pushkin Industries"
20;"Lewis";"Howes";"The School of Greatness"
21;"Ethan";"Klein";"H3H3 Productions"
22;"Jordan";"Harbinger";"The Art of Charm Inc."
23;"Alex";"Blumberg";"Gimlet Media"
24;"Shankar";"Vedantam";"Hidden Brain Productions"
25;"Jason";"Bateman";"SmartLess Productions"
