"name";"description"
"Alternative";"A broad umbrella term that refers to non-mainstream music"
"Blues";"A music genre that originated in African American communities in the Deep South"
"Classical";"Art music produced or rooted in the traditions of Western culture"
"Country";"A genre of popular music that originated in the rural Southern United States"
"Disco";"A genre of dance music with elements of funk, soul, and pop"
"Electronic";"Music created using electronic devices and technology"
"Folk";"Traditional music that has been passed down through oral traditions"
"Funk";"A genre that originated in African American communities in the mid-1960s"
"Gospel";"A genre of Christian music with dominant vocals and strong use of harmony"
"Hip Hop";"A genre of popular music that originated in African American and Hispanic American communities in the Bronx in the late 1970s"
"Hit";"Art music produced or rooted in the traditions of Western culture"
"Indie";"Independent music, often characterized by a DIY (do it yourself) approach"
"J-Pop";"Japanese pop music"
"Jazz";"A genre of music that originated in the African American communities of New Orleans"
"K-Pop";"Korean popular music characterized by a wide variety of audiovisual elements"
"Latin";"Music with roots in Latin America, including various genres like salsa, reggaeton, and bachata"
"Metal";"A genre characterized by aggressive and loud guitar-driven sound"
"Pop";"Popular music characterized by catchy melodies and accessible lyrics"
"Punk";"A genre characterized by fast and aggressive songs often with political or social commentary"
"R&B";"Rhythm and Blues, a genre of popular African American music that originated in the 1940s"
"Raggae";"A style of popular music with a strongly accented subsidiary beat, originating in Jamaica"
"Rap";"A vocal style in which the artist speaks or chants along with an instrumental or synthesized beat"
"Reggae";"A music genre that originated in Jamaica in the late 1960s"
"Rock";"A genre of popular music that originated as ""rock and roll"" in the United States in the 1950s"
"Soul";"A genre that combines elements of rhythm and blues and gospel music"
