"idPlaylist";"mailUser";"favouriteDate"
1;"hannah.clark@email.com";"2024-10-25"
1;"john.doe@email.com";"2023-01-20"
2;"steven.turner@email.com";"2024-05-30"
3;"grace.anderson@email.com";"2023-12-05"
4;"michael.green@email.com";"2023-07-10"
5;"alice.smith@email.com";"2023-02-10"
6;"alexander.rogers@email.com";"2024-11-30"
7;"laura.smith@email.com";"2024-06-05"
8;"peter.baker@email.com";"2024-01-10"
9;"linda.brown@email.com";"2023-08-15"
10;"bob.jones@email.com";"2023-03-15"
11;"mia.ward@email.com";"2024-12-05"
12;"ryan.morris@email.com";"2024-07-10"
13;"victoria.hall@email.com";"2024-02-15"
14;"chris.davis@email.com";"2023-09-20"
15;"emily.white@email.com";"2023-04-25"
16;"john.doe@email.com";"2025-01-10"
17;"jessica.white@email.com";"2024-08-15"
18;"kevin.jenkins@email.com";"2024-03-20"
19;"olivia.johnson@email.com";"2023-10-25"
20;"david.wilson@email.com";"2023-05-30"
22;"nathan.king@email.com";"2024-09-20"
23;"natalie.cooper@email.com";"2024-04-25"
24;"samuel.martin@email.com";"2023-11-30"
25;"sarah.miller@email.com";"2023-06-05"
