"idSong";"nameCategory"
7;"Alternative"
16;"Alternative"
22;"Alternative"
31;"Alternative"
32;"Alternative"
33;"Alternative"
37;"Alternative"
44;"Alternative"
63;"Alternative"
4;"Blues"
95;"Blues"
3;"Classical"
4;"Classical"
114;"Classical"
6;"Country"
14;"Country"
20;"Country"
29;"Country"
68;"Country"
74;"Country"
1;"Disco"
2;"Disco"
9;"Electronic"
69;"Electronic"
104;"Electronic"
13;"Folk"
19;"Folk"
40;"Folk"
85;"Folk"
23;"Funk"
47;"Funk"
55;"Funk"
58;"Funk"
98;"Funk"
1;"Gospel"
5;"Gospel"
25;"Gospel"
10;"Hip Hop"
62;"Hip Hop"
73;"Hip Hop"
87;"Hip Hop"
88;"Hip Hop"
16;"Hit"
30;"Hit"
77;"Hit"
14;"Indie"
54;"Indie"
105;"Indie"
113;"Indie"
12;"J-Pop"
17;"J-Pop"
38;"J-Pop"
100;"J-Pop"
18;"Jazz"
25;"Jazz"
41;"Jazz"
64;"Jazz"
82;"Jazz"
102;"Jazz"
9;"K-Pop"
17;"K-Pop"
24;"K-Pop"
49;"K-Pop"
60;"K-Pop"
115;"K-Pop"
7;"Latin"
10;"Latin"
15;"Latin"
22;"Latin"
50;"Latin"
90;"Latin"
97;"Latin"
8;"Metal"
45;"Metal"
80;"Metal"
83;"Metal"
1;"Pop"
28;"Pop"
29;"Pop"
30;"Pop"
31;"Pop"
32;"Pop"
33;"Pop"
34;"Pop"
35;"Pop"
52;"Pop"
65;"Pop"
107;"Pop"
2;"Punk"
11;"Punk"
28;"Punk"
89;"Punk"
94;"Punk"
15;"R&B"
19;"R&B"
11;"Raggae"
34;"Raggae"
67;"Raggae"
70;"Raggae"
13;"Rap"
39;"Rap"
57;"Rap"
84;"Rap"
103;"Rap"
110;"Rap"
6;"Reggae"
23;"Reggae"
24;"Reggae"
79;"Reggae"
108;"Reggae"
5;"Rock"
43;"Rock"
72;"Rock"
75;"Rock"
78;"Rock"
99;"Rock"
112;"Rock"
3;"Soul"
8;"Soul"
18;"Soul"
20;"Soul"
21;"Soul"
48;"Soul"
59;"Soul"
109;"Soul"
