"id";"date";"finished";"mailUser";"idSong";"idPodcast"
1;"2023-01-15";1;"john.doe@email.com";1;0
2;"2022-12-01";0;"alice.smith@email.com";0;2
3;"2023-02-20";1;"bob.jones@email.com";3;0
4;"2023-03-10";0;"emily.white@email.com";0;4
5;"2023-04-05";1;"david.wilson@email.com";5;0
6;"2023-05-12";0;"sarah.miller@email.com";0;6
7;"2023-06-08";1;"michael.green@email.com";7;0
8;"2023-07-17";0;"linda.brown@email.com";0;8
9;"2023-08-22";1;"chris.davis@email.com";9;0
10;"2023-09-01";0;"olivia.johnson@email.com";0;10
11;"2023-10-18";1;"samuel.martin@email.com";11;0
12;"2023-11-03";0;"grace.anderson@email.com";0;12
13;"2023-12-09";1;"peter.baker@email.com";13;0
14;"2024-01-25";0;"victoria.hall@email.com";0;14
15;"2024-02-14";1;"kevin.jenkins@email.com";15;0
16;"2024-03-30";0;"natalie.cooper@email.com";0;16
17;"2024-04-22";1;"steven.turner@email.com";17;0
18;"2024-05-11";0;"laura.smith@email.com";0;18
19;"2024-06-28";1;"ryan.morris@email.com";19;0
20;"2024-07-07";0;"jessica.white@email.com";0;20
21;"2024-08-14";1;"nathan.king@email.com";21;0
22;"2024-09-19";0;"hannah.clark@email.com";0;22
23;"2024-10-26";1;"alexander.rogers@email.com";23;0
24;"2024-11-05";0;"mia.ward@email.com";0;24
25;"2024-12-12";1;"john.doe@email.com";25;0
26;"2022-03-19";1;"alexander.rogers@email.com";109;0
1027;"2022-03-19";1;"alexander.rogers@email.com";109;0
1028;"2022-03-19";1;"alexander.rogers@email.com";103;0
1029;"2022-03-19";1;"alexander.rogers@email.com";98;0
1030;"2022-03-19";1;"alexander.rogers@email.com";9;0
1031;"2022-03-19";1;"alexander.rogers@email.com";33;0
1032;"2022-03-19";1;"alexander.rogers@email.com";16;0
1033;"2022-03-19";1;"alexander.rogers@email.com";64;0
1034;"2022-03-19";1;"alexander.rogers@email.com";98;0
1035;"2022-03-19";1;"alexander.rogers@email.com";58;0
1036;"2022-03-19";1;"alexander.rogers@email.com";84;0
1037;"2022-03-19";1;"alexander.rogers@email.com";49;0
1039;"2022-03-19";1;"alexander.rogers@email.com";13;0
1040;"2022-03-19";1;"alexander.rogers@email.com";63;0
1041;"2022-03-19";1;"alexander.rogers@email.com";4;0
1042;"2022-03-19";1;"alexander.rogers@email.com";115;0
1043;"2022-03-19";1;"alexander.rogers@email.com";107;0
1044;"2022-03-19";1;"alexander.rogers@email.com";50;0
1045;"2022-03-19";1;"alexander.rogers@email.com";78;0
1046;"2022-03-19";1;"alexander.rogers@email.com";98;0
1047;"2022-03-19";1;"alexander.rogers@email.com";99;0
1048;"2022-03-19";1;"alexander.rogers@email.com";1;0
1049;"2022-03-19";1;"alexander.rogers@email.com";90;0
1050;"2022-03-19";1;"alexander.rogers@email.com";58;0
1051;"2022-03-19";1;"alexander.rogers@email.com";35;0
1053;"2022-03-19";1;"alexander.rogers@email.com";103;0
1054;"2022-03-19";1;"alexander.rogers@email.com";30;0
1055;"2022-03-19";1;"alexander.rogers@email.com";14;0
1057;"2022-03-19";1;"alexander.rogers@email.com";41;0
1058;"2022-03-19";1;"alexander.rogers@email.com";4;0
1059;"2022-03-19";1;"alexander.rogers@email.com";3;0
1060;"2022-03-19";1;"alexander.rogers@email.com";4;0
1061;"2022-03-19";1;"alexander.rogers@email.com";84;0
1062;"2022-03-19";1;"alexander.rogers@email.com";70;0
1063;"2022-03-19";1;"alexander.rogers@email.com";2;0
1064;"2022-03-19";1;"alexander.rogers@email.com";113;0
1065;"2022-03-19";1;"alexander.rogers@email.com";49;0
1066;"2022-03-19";1;"alexander.rogers@email.com";88;0
1068;"2022-04-14";1;"alice.smith@email.com";4;0
1069;"2022-04-14";1;"alice.smith@email.com";68;0
1070;"2022-04-14";1;"alice.smith@email.com";29;0
1071;"2022-04-14";1;"alice.smith@email.com";98;0
1072;"2022-04-14";1;"alice.smith@email.com";57;0
1073;"2022-04-14";1;"alice.smith@email.com";64;0
1074;"2022-04-14";1;"alice.smith@email.com";30;0
1075;"2022-04-14";1;"alice.smith@email.com";45;0
1076;"2022-04-14";1;"alice.smith@email.com";30;0
1077;"2022-04-14";1;"alice.smith@email.com";87;0
1078;"2022-04-14";1;"alice.smith@email.com";29;0
1079;"2022-04-14";1;"alice.smith@email.com";98;0
1080;"2022-04-14";1;"alice.smith@email.com";59;0
1081;"2022-04-14";1;"alice.smith@email.com";38;0
1082;"2022-04-14";1;"alice.smith@email.com";3;0
1083;"2022-04-14";1;"alice.smith@email.com";54;0
1084;"2022-04-14";1;"alice.smith@email.com";108;0
1085;"2022-04-14";1;"alice.smith@email.com";72;0
1086;"2022-04-14";1;"alice.smith@email.com";83;0
1087;"2022-04-14";1;"alice.smith@email.com";13;0
1088;"2022-04-14";1;"alice.smith@email.com";24;0
1090;"2022-04-14";1;"alice.smith@email.com";38;0
1091;"2022-04-14";1;"alice.smith@email.com";16;0
1092;"2022-04-14";1;"alice.smith@email.com";43;0
1093;"2022-04-14";1;"alice.smith@email.com";115;0
1096;"2022-04-14";1;"alice.smith@email.com";65;0
1097;"2022-04-14";1;"alice.smith@email.com";55;0
1098;"2022-04-14";1;"alice.smith@email.com";65;0
1099;"2022-04-14";1;"alice.smith@email.com";107;0
1100;"2022-04-14";1;"alice.smith@email.com";25;0
1101;"2022-04-14";1;"alice.smith@email.com";39;0
1102;"2022-04-14";1;"alice.smith@email.com";37;0
1103;"2022-04-14";1;"alice.smith@email.com";113;0
1104;"2022-04-14";1;"alice.smith@email.com";64;0
1105;"2022-04-14";1;"alice.smith@email.com";109;0
1106;"2022-04-14";1;"alice.smith@email.com";65;0
1107;"2022-07-19";1;"bob.jones@email.com";110;0
1108;"2022-07-19";1;"bob.jones@email.com";5;0
1109;"2022-07-19";1;"bob.jones@email.com";62;0
1110;"2022-07-19";1;"bob.jones@email.com";32;0
1111;"2022-07-19";1;"bob.jones@email.com";103;0
1112;"2022-07-19";1;"bob.jones@email.com";52;0
1113;"2022-07-19";1;"bob.jones@email.com";54;0
1114;"2022-07-19";1;"bob.jones@email.com";23;0
1115;"2022-07-19";1;"bob.jones@email.com";47;0
1116;"2022-07-19";1;"bob.jones@email.com";113;0
1117;"2022-07-19";1;"bob.jones@email.com";90;0
1118;"2022-07-19";1;"bob.jones@email.com";100;0
1119;"2022-07-19";1;"bob.jones@email.com";87;0
1120;"2022-07-19";1;"bob.jones@email.com";95;0
1121;"2022-07-19";1;"bob.jones@email.com";48;0
1122;"2022-07-19";1;"bob.jones@email.com";12;0
1123;"2022-07-19";1;"bob.jones@email.com";57;0
1124;"2022-07-19";1;"bob.jones@email.com";85;0
1125;"2022-07-19";1;"bob.jones@email.com";14;0
1126;"2022-07-19";1;"bob.jones@email.com";100;0
1127;"2022-07-19";1;"bob.jones@email.com";21;0
1128;"2022-07-19";1;"bob.jones@email.com";67;0
1129;"2022-07-19";1;"bob.jones@email.com";108;0
1130;"2022-07-19";1;"bob.jones@email.com";48;0
1131;"2022-07-19";1;"bob.jones@email.com";63;0
1132;"2022-07-19";1;"bob.jones@email.com";94;0
1133;"2022-07-19";1;"bob.jones@email.com";4;0
1134;"2022-07-19";1;"bob.jones@email.com";6;0
1135;"2022-07-19";1;"bob.jones@email.com";40;0
1136;"2022-07-19";1;"bob.jones@email.com";109;0
1137;"2022-07-19";1;"bob.jones@email.com";79;0
1138;"2022-07-19";1;"bob.jones@email.com";75;0
1139;"2022-07-19";1;"bob.jones@email.com";83;0
1140;"2022-07-19";1;"bob.jones@email.com";22;0
1141;"2022-07-19";1;"bob.jones@email.com";22;0
1142;"2022-07-19";1;"bob.jones@email.com";65;0
1143;"2022-07-19";1;"bob.jones@email.com";30;0
1144;"2022-07-19";1;"bob.jones@email.com";2;0
1145;"2022-07-19";1;"bob.jones@email.com";99;0
1147;"2022-09-18";1;"chris.davis@email.com";30;0
1148;"2022-09-18";1;"chris.davis@email.com";52;0
1149;"2022-09-18";1;"chris.davis@email.com";45;0
1150;"2022-09-18";1;"chris.davis@email.com";109;0
1151;"2022-09-18";1;"chris.davis@email.com";74;0
1152;"2022-09-18";1;"chris.davis@email.com";59;0
1153;"2022-09-18";1;"chris.davis@email.com";35;0
1154;"2022-09-18";1;"chris.davis@email.com";85;0
1155;"2022-09-18";1;"chris.davis@email.com";78;0
1156;"2022-09-18";1;"chris.davis@email.com";94;0
1157;"2022-09-18";1;"chris.davis@email.com";1;0
1158;"2022-09-18";1;"chris.davis@email.com";50;0
1159;"2022-09-18";1;"chris.davis@email.com";110;0
1160;"2022-09-18";1;"chris.davis@email.com";114;0
1161;"2022-09-18";1;"chris.davis@email.com";95;0
1162;"2022-09-18";1;"chris.davis@email.com";104;0
1163;"2022-09-18";1;"chris.davis@email.com";17;0
1164;"2022-09-18";1;"chris.davis@email.com";67;0
1165;"2022-09-18";1;"chris.davis@email.com";100;0
1166;"2022-09-18";1;"chris.davis@email.com";72;0
1168;"2022-09-18";1;"chris.davis@email.com";55;0
1169;"2022-09-18";1;"chris.davis@email.com";8;0
1170;"2022-09-18";1;"chris.davis@email.com";62;0
1171;"2022-09-18";1;"chris.davis@email.com";112;0
1172;"2022-09-18";1;"chris.davis@email.com";47;0
1173;"2022-09-18";1;"chris.davis@email.com";73;0
1175;"2022-09-18";1;"chris.davis@email.com";65;0
1177;"2022-09-18";1;"chris.davis@email.com";63;0
1178;"2022-09-18";1;"chris.davis@email.com";105;0
1179;"2022-09-18";1;"chris.davis@email.com";54;0
1180;"2022-09-18";1;"chris.davis@email.com";45;0
1181;"2022-09-18";1;"chris.davis@email.com";1;0
1182;"2022-09-18";1;"chris.davis@email.com";69;0
1183;"2022-09-18";1;"chris.davis@email.com";70;0
1184;"2022-09-18";1;"chris.davis@email.com";80;0
1185;"2022-09-18";1;"chris.davis@email.com";79;0
1186;"2022-09-18";1;"chris.davis@email.com";43;0
1187;"2022-08-20";1;"david.wilson@email.com";4;0
1188;"2022-08-20";1;"david.wilson@email.com";103;0
1189;"2022-08-20";1;"david.wilson@email.com";30;0
1190;"2022-08-20";1;"david.wilson@email.com";82;0
1191;"2022-08-20";1;"david.wilson@email.com";23;0
1192;"2022-08-20";1;"david.wilson@email.com";75;0
1193;"2022-08-20";1;"david.wilson@email.com";24;0
1194;"2022-08-20";1;"david.wilson@email.com";12;0
1195;"2022-08-20";1;"david.wilson@email.com";103;0
1196;"2022-08-20";1;"david.wilson@email.com";103;0
1197;"2022-08-20";1;"david.wilson@email.com";109;0
1198;"2022-08-20";1;"david.wilson@email.com";105;0
1199;"2022-08-20";1;"david.wilson@email.com";33;0
1200;"2022-08-20";1;"david.wilson@email.com";5;0
1201;"2022-08-20";1;"david.wilson@email.com";108;0
1202;"2022-08-20";1;"david.wilson@email.com";87;0
1203;"2022-08-20";1;"david.wilson@email.com";10;0
1204;"2022-08-20";1;"david.wilson@email.com";11;0
1205;"2022-08-20";1;"david.wilson@email.com";112;0
1206;"2022-08-20";1;"david.wilson@email.com";3;0
1207;"2022-08-20";1;"david.wilson@email.com";58;0
1208;"2022-08-20";1;"david.wilson@email.com";2;0
1209;"2022-08-20";1;"david.wilson@email.com";97;0
1210;"2022-08-20";1;"david.wilson@email.com";97;0
1211;"2022-08-20";1;"david.wilson@email.com";32;0
1212;"2022-08-20";1;"david.wilson@email.com";35;0
1213;"2022-08-20";1;"david.wilson@email.com";15;0
1214;"2022-08-20";1;"david.wilson@email.com";103;0
1215;"2022-08-20";1;"david.wilson@email.com";80;0
1216;"2022-08-20";1;"david.wilson@email.com";24;0
1217;"2022-08-20";1;"david.wilson@email.com";45;0
1218;"2022-08-20";1;"david.wilson@email.com";38;0
1219;"2022-08-20";1;"david.wilson@email.com";9;0
1220;"2022-08-20";1;"david.wilson@email.com";22;0
1221;"2022-08-20";1;"david.wilson@email.com";21;0
1222;"2022-08-20";1;"david.wilson@email.com";33;0
1223;"2022-08-20";1;"david.wilson@email.com";68;0
1224;"2022-08-20";1;"david.wilson@email.com";22;0
1225;"2022-08-20";1;"david.wilson@email.com";85;0
1226;"2022-08-20";1;"david.wilson@email.com";35;0
1227;"2022-11-23";1;"emily.white@email.com";38;0
1228;"2022-11-23";1;"emily.white@email.com";59;0
1229;"2022-11-23";1;"emily.white@email.com";90;0
1230;"2022-11-23";1;"emily.white@email.com";64;0
1231;"2022-11-23";1;"emily.white@email.com";15;0
1232;"2022-11-23";1;"emily.white@email.com";4;0
1233;"2022-11-23";1;"emily.white@email.com";40;0
1234;"2022-11-23";1;"emily.white@email.com";50;0
1235;"2022-11-23";1;"emily.white@email.com";44;0
1236;"2022-11-23";1;"emily.white@email.com";54;0
1237;"2022-11-23";1;"emily.white@email.com";102;0
1238;"2022-11-23";1;"emily.white@email.com";25;0
1239;"2022-11-23";1;"emily.white@email.com";34;0
1240;"2022-11-23";1;"emily.white@email.com";14;0
1241;"2022-11-23";1;"emily.white@email.com";33;0
1243;"2022-11-23";1;"emily.white@email.com";94;0
1245;"2022-11-23";1;"emily.white@email.com";78;0
1246;"2022-11-23";1;"emily.white@email.com";105;0
1247;"2022-11-23";1;"emily.white@email.com";3;0
1248;"2022-11-23";1;"emily.white@email.com";29;0
1249;"2022-11-23";1;"emily.white@email.com";3;0
1250;"2022-11-23";1;"emily.white@email.com";19;0
1251;"2022-11-23";1;"emily.white@email.com";5;0
1253;"2022-11-23";1;"emily.white@email.com";21;0
1254;"2022-11-23";1;"emily.white@email.com";58;0
1255;"2022-11-23";1;"emily.white@email.com";65;0
1256;"2022-11-23";1;"emily.white@email.com";87;0
1257;"2022-11-23";1;"emily.white@email.com";55;0
1258;"2022-11-23";1;"emily.white@email.com";70;0
1259;"2022-11-23";1;"emily.white@email.com";107;0
1260;"2022-11-23";1;"emily.white@email.com";29;0
1261;"2022-11-23";1;"emily.white@email.com";103;0
1262;"2022-11-23";1;"emily.white@email.com";89;0
1263;"2022-11-23";1;"emily.white@email.com";67;0
1264;"2022-11-23";1;"emily.white@email.com";58;0
1265;"2022-11-23";1;"emily.white@email.com";29;0
1266;"2022-11-23";1;"emily.white@email.com";68;0
1267;"2022-11-01";1;"grace.anderson@email.com";87;0
1268;"2022-11-01";1;"grace.anderson@email.com";74;0
1269;"2022-11-01";1;"grace.anderson@email.com";103;0
1270;"2022-11-01";1;"grace.anderson@email.com";85;0
1271;"2022-11-01";1;"grace.anderson@email.com";55;0
1272;"2022-11-01";1;"grace.anderson@email.com";8;0
1273;"2022-11-01";1;"grace.anderson@email.com";95;0
1274;"2022-11-01";1;"grace.anderson@email.com";39;0
1275;"2022-11-01";1;"grace.anderson@email.com";17;0
1276;"2022-11-01";1;"grace.anderson@email.com";28;0
1277;"2022-11-01";1;"grace.anderson@email.com";113;0
1278;"2022-11-01";1;"grace.anderson@email.com";7;0
1279;"2022-11-01";1;"grace.anderson@email.com";40;0
1280;"2022-11-01";1;"grace.anderson@email.com";10;0
1281;"2022-11-01";1;"grace.anderson@email.com";110;0
1282;"2022-11-01";1;"grace.anderson@email.com";10;0
1283;"2022-11-01";1;"grace.anderson@email.com";40;0
1284;"2022-11-01";1;"grace.anderson@email.com";39;0
1285;"2022-11-01";1;"grace.anderson@email.com";21;0
1286;"2022-11-01";1;"grace.anderson@email.com";54;0
1287;"2022-11-01";1;"grace.anderson@email.com";73;0
1288;"2022-11-01";1;"grace.anderson@email.com";33;0
1289;"2022-11-01";1;"grace.anderson@email.com";17;0
1290;"2022-11-01";1;"grace.anderson@email.com";2;0
1291;"2022-11-01";1;"grace.anderson@email.com";72;0
1292;"2022-11-01";1;"grace.anderson@email.com";113;0
1293;"2022-11-01";1;"grace.anderson@email.com";109;0
1294;"2022-11-01";1;"grace.anderson@email.com";5;0
1295;"2022-11-01";1;"grace.anderson@email.com";105;0
1296;"2022-11-01";1;"grace.anderson@email.com";28;0
1298;"2022-11-01";1;"grace.anderson@email.com";73;0
1299;"2022-11-01";1;"grace.anderson@email.com";59;0
1300;"2022-11-01";1;"grace.anderson@email.com";22;0
1301;"2022-11-01";1;"grace.anderson@email.com";112;0
1302;"2022-11-01";1;"grace.anderson@email.com";112;0
1303;"2022-11-01";1;"grace.anderson@email.com";100;0
1304;"2022-11-01";1;"grace.anderson@email.com";80;0
1305;"2022-11-01";1;"grace.anderson@email.com";5;0
1306;"2022-11-01";1;"grace.anderson@email.com";49;0
1307;"2022-04-12";1;"hannah.clark@email.com";13;0
1309;"2022-04-12";1;"hannah.clark@email.com";74;0
1310;"2022-04-12";1;"hannah.clark@email.com";87;0
1311;"2022-04-12";1;"hannah.clark@email.com";115;0
1312;"2022-04-12";1;"hannah.clark@email.com";25;0
1313;"2022-04-12";1;"hannah.clark@email.com";64;0
1314;"2022-04-12";1;"hannah.clark@email.com";14;0
1315;"2022-04-12";1;"hannah.clark@email.com";50;0
1316;"2022-04-12";1;"hannah.clark@email.com";38;0
1317;"2022-04-12";1;"hannah.clark@email.com";65;0
1318;"2022-04-12";1;"hannah.clark@email.com";64;0
1319;"2022-04-12";1;"hannah.clark@email.com";3;0
1320;"2022-04-12";1;"hannah.clark@email.com";79;0
1321;"2022-04-12";1;"hannah.clark@email.com";112;0
1322;"2022-04-12";1;"hannah.clark@email.com";52;0
1324;"2022-04-12";1;"hannah.clark@email.com";37;0
1325;"2022-04-12";1;"hannah.clark@email.com";3;0
1326;"2022-04-12";1;"hannah.clark@email.com";21;0
1328;"2022-04-12";1;"hannah.clark@email.com";110;0
1329;"2022-04-12";1;"hannah.clark@email.com";104;0
1330;"2022-04-12";1;"hannah.clark@email.com";73;0
1331;"2022-04-12";1;"hannah.clark@email.com";18;0
1332;"2022-04-12";1;"hannah.clark@email.com";44;0
1333;"2022-04-12";1;"hannah.clark@email.com";55;0
1334;"2022-04-12";1;"hannah.clark@email.com";28;0
1335;"2022-04-12";1;"hannah.clark@email.com";35;0
1336;"2022-04-12";1;"hannah.clark@email.com";87;0
1337;"2022-04-12";1;"hannah.clark@email.com";13;0
1338;"2022-04-12";1;"hannah.clark@email.com";108;0
1339;"2022-04-12";1;"hannah.clark@email.com";49;0
1340;"2022-04-12";1;"hannah.clark@email.com";45;0
1341;"2022-04-12";1;"hannah.clark@email.com";113;0
1342;"2022-04-12";1;"hannah.clark@email.com";108;0
1343;"2022-04-12";1;"hannah.clark@email.com";88;0
1344;"2022-04-12";1;"hannah.clark@email.com";69;0
1345;"2022-04-12";1;"hannah.clark@email.com";63;0
1346;"2022-04-12";1;"hannah.clark@email.com";99;0
1347;"2022-09-08";1;"jessica.white@email.com";9;0
1349;"2022-09-08";1;"jessica.white@email.com";6;0
1350;"2022-09-08";1;"jessica.white@email.com";11;0
1351;"2022-09-08";1;"jessica.white@email.com";18;0
1352;"2022-09-08";1;"jessica.white@email.com";22;0
1353;"2022-09-08";1;"jessica.white@email.com";22;0
1354;"2022-09-08";1;"jessica.white@email.com";69;0
1355;"2022-09-08";1;"jessica.white@email.com";28;0
1356;"2022-09-08";1;"jessica.white@email.com";35;0
1357;"2022-09-08";1;"jessica.white@email.com";98;0
1358;"2022-09-08";1;"jessica.white@email.com";43;0
1359;"2022-09-08";1;"jessica.white@email.com";77;0
1360;"2022-09-08";1;"jessica.white@email.com";65;0
1361;"2022-09-08";1;"jessica.white@email.com";108;0
1362;"2022-09-08";1;"jessica.white@email.com";33;0
1363;"2022-09-08";1;"jessica.white@email.com";48;0
1364;"2022-09-08";1;"jessica.white@email.com";44;0
1365;"2022-09-08";1;"jessica.white@email.com";44;0
1366;"2022-09-08";1;"jessica.white@email.com";15;0
1367;"2022-09-08";1;"jessica.white@email.com";38;0
1368;"2022-09-08";1;"jessica.white@email.com";31;0
1369;"2022-09-08";1;"jessica.white@email.com";112;0
1370;"2022-09-08";1;"jessica.white@email.com";78;0
1371;"2022-09-08";1;"jessica.white@email.com";100;0
1373;"2022-09-08";1;"jessica.white@email.com";114;0
1374;"2022-09-08";1;"jessica.white@email.com";63;0
1375;"2022-09-08";1;"jessica.white@email.com";18;0
1376;"2022-09-08";1;"jessica.white@email.com";75;0
1377;"2022-09-08";1;"jessica.white@email.com";99;0
1378;"2022-09-08";1;"jessica.white@email.com";14;0
1379;"2022-09-08";1;"jessica.white@email.com";6;0
1381;"2022-09-08";1;"jessica.white@email.com";10;0
1382;"2022-09-08";1;"jessica.white@email.com";49;0
1383;"2022-09-08";1;"jessica.white@email.com";19;0
1384;"2022-09-08";1;"jessica.white@email.com";107;0
1385;"2022-09-08";1;"jessica.white@email.com";17;0
1386;"2022-09-08";1;"jessica.white@email.com";44;0
1387;"2022-02-20";1;"john.doe@email.com";49;0
1388;"2022-02-20";1;"john.doe@email.com";10;0
1389;"2022-02-20";1;"john.doe@email.com";74;0
1390;"2022-02-20";1;"john.doe@email.com";29;0
1391;"2022-02-20";1;"john.doe@email.com";73;0
1392;"2022-02-20";1;"john.doe@email.com";11;0
1393;"2022-02-20";1;"john.doe@email.com";35;0
1394;"2022-02-20";1;"john.doe@email.com";47;0
1395;"2022-02-20";1;"john.doe@email.com";115;0
1396;"2022-02-20";1;"john.doe@email.com";38;0
1397;"2022-02-20";1;"john.doe@email.com";73;0
1398;"2022-02-20";1;"john.doe@email.com";69;0
1399;"2022-02-20";1;"john.doe@email.com";15;0
1400;"2022-02-20";1;"john.doe@email.com";59;0
1401;"2022-02-20";1;"john.doe@email.com";115;0
1402;"2022-02-20";1;"john.doe@email.com";14;0
1403;"2022-02-20";1;"john.doe@email.com";6;0
1404;"2022-02-20";1;"john.doe@email.com";38;0
1405;"2022-02-20";1;"john.doe@email.com";2;0
1406;"2022-02-20";1;"john.doe@email.com";79;0
1407;"2022-02-20";1;"john.doe@email.com";2;0
1408;"2022-02-20";1;"john.doe@email.com";12;0
1410;"2022-02-20";1;"john.doe@email.com";15;0
1411;"2022-02-20";1;"john.doe@email.com";114;0
1412;"2022-02-20";1;"john.doe@email.com";102;0
1413;"2022-02-20";1;"john.doe@email.com";6;0
1414;"2022-02-20";1;"john.doe@email.com";25;0
1415;"2022-02-20";1;"john.doe@email.com";31;0
1416;"2022-02-20";1;"john.doe@email.com";54;0
1417;"2022-02-20";1;"john.doe@email.com";21;0
1418;"2022-02-20";1;"john.doe@email.com";15;0
1419;"2022-02-20";1;"john.doe@email.com";58;0
1420;"2022-02-20";1;"john.doe@email.com";22;0
1421;"2022-02-20";1;"john.doe@email.com";88;0
1422;"2022-02-20";1;"john.doe@email.com";31;0
1423;"2022-02-20";1;"john.doe@email.com";21;0
1424;"2022-02-20";1;"john.doe@email.com";109;0
1425;"2022-02-20";1;"john.doe@email.com";14;0
1426;"2022-02-20";1;"john.doe@email.com";49;0
1427;"2022-09-27";1;"kevin.jenkins@email.com";38;0
1428;"2022-09-27";1;"kevin.jenkins@email.com";33;0
1430;"2022-09-27";1;"kevin.jenkins@email.com";62;0
1431;"2022-09-27";1;"kevin.jenkins@email.com";41;0
1432;"2022-09-27";1;"kevin.jenkins@email.com";13;0
1434;"2022-09-27";1;"kevin.jenkins@email.com";84;0
1435;"2022-09-27";1;"kevin.jenkins@email.com";41;0
1436;"2022-09-27";1;"kevin.jenkins@email.com";6;0
1437;"2022-09-27";1;"kevin.jenkins@email.com";4;0
1438;"2022-09-27";1;"kevin.jenkins@email.com";2;0
1439;"2022-09-27";1;"kevin.jenkins@email.com";38;0
1441;"2022-09-27";1;"kevin.jenkins@email.com";77;0
1442;"2022-09-27";1;"kevin.jenkins@email.com";41;0
1443;"2022-09-27";1;"kevin.jenkins@email.com";58;0
1444;"2022-09-27";1;"kevin.jenkins@email.com";41;0
1445;"2022-09-27";1;"kevin.jenkins@email.com";52;0
1446;"2022-09-27";1;"kevin.jenkins@email.com";9;0
1447;"2022-09-27";1;"kevin.jenkins@email.com";9;0
1448;"2022-09-27";1;"kevin.jenkins@email.com";41;0
1449;"2022-09-27";1;"kevin.jenkins@email.com";77;0
1450;"2022-09-27";1;"kevin.jenkins@email.com";59;0
1451;"2022-09-27";1;"kevin.jenkins@email.com";15;0
1452;"2022-09-27";1;"kevin.jenkins@email.com";33;0
1453;"2022-09-27";1;"kevin.jenkins@email.com";28;0
1454;"2022-09-27";1;"kevin.jenkins@email.com";80;0
1455;"2022-09-27";1;"kevin.jenkins@email.com";100;0
1456;"2022-09-27";1;"kevin.jenkins@email.com";115;0
1457;"2022-09-27";1;"kevin.jenkins@email.com";70;0
1458;"2022-09-27";1;"kevin.jenkins@email.com";112;0
1459;"2022-09-27";1;"kevin.jenkins@email.com";89;0
1460;"2022-09-27";1;"kevin.jenkins@email.com";85;0
1461;"2022-09-27";1;"kevin.jenkins@email.com";34;0
1462;"2022-09-27";1;"kevin.jenkins@email.com";24;0
1463;"2022-09-27";1;"kevin.jenkins@email.com";70;0
1465;"2022-09-27";1;"kevin.jenkins@email.com";40;0
1467;"2022-04-12";1;"laura.smith@email.com";11;0
1468;"2022-04-12";1;"laura.smith@email.com";105;0
1469;"2022-04-12";1;"laura.smith@email.com";12;0
1470;"2022-04-12";1;"laura.smith@email.com";97;0
1471;"2022-04-12";1;"laura.smith@email.com";58;0
1472;"2022-04-12";1;"laura.smith@email.com";12;0
1473;"2022-04-12";1;"laura.smith@email.com";84;0
1474;"2022-04-12";1;"laura.smith@email.com";74;0
1475;"2022-04-12";1;"laura.smith@email.com";83;0
1476;"2022-04-12";1;"laura.smith@email.com";44;0
1477;"2022-04-12";1;"laura.smith@email.com";30;0
1478;"2022-04-12";1;"laura.smith@email.com";50;0
1479;"2022-04-12";1;"laura.smith@email.com";40;0
1480;"2022-04-12";1;"laura.smith@email.com";6;0
1481;"2022-04-12";1;"laura.smith@email.com";24;0
1482;"2022-04-12";1;"laura.smith@email.com";41;0
1483;"2022-04-12";1;"laura.smith@email.com";102;0
1484;"2022-04-12";1;"laura.smith@email.com";109;0
1485;"2022-04-12";1;"laura.smith@email.com";75;0
1486;"2022-04-12";1;"laura.smith@email.com";115;0
1487;"2022-04-12";1;"laura.smith@email.com";39;0
1488;"2022-04-12";1;"laura.smith@email.com";32;0
1489;"2022-04-12";1;"laura.smith@email.com";43;0
1490;"2022-04-12";1;"laura.smith@email.com";13;0
1491;"2022-04-12";1;"laura.smith@email.com";70;0
1492;"2022-04-12";1;"laura.smith@email.com";79;0
1493;"2022-04-12";1;"laura.smith@email.com";75;0
1494;"2022-04-12";1;"laura.smith@email.com";104;0
1495;"2022-04-12";1;"laura.smith@email.com";77;0
1496;"2022-04-12";1;"laura.smith@email.com";12;0
1497;"2022-04-12";1;"laura.smith@email.com";32;0
1498;"2022-04-12";1;"laura.smith@email.com";29;0
1499;"2022-04-12";1;"laura.smith@email.com";3;0
1500;"2022-04-12";1;"laura.smith@email.com";104;0
1501;"2022-04-12";1;"laura.smith@email.com";32;0
1502;"2022-04-12";1;"laura.smith@email.com";52;0
1503;"2022-04-12";1;"laura.smith@email.com";10;0
1504;"2022-04-12";1;"laura.smith@email.com";35;0
1505;"2022-04-12";1;"laura.smith@email.com";112;0
1506;"2022-04-12";1;"laura.smith@email.com";10;0
1507;"2022-12-03";1;"linda.brown@email.com";3;0
1508;"2022-12-03";1;"linda.brown@email.com";82;0
1509;"2022-12-03";1;"linda.brown@email.com";2;0
1510;"2022-12-03";1;"linda.brown@email.com";38;0
1511;"2022-12-03";1;"linda.brown@email.com";97;0
1512;"2022-12-03";1;"linda.brown@email.com";102;0
1513;"2022-12-03";1;"linda.brown@email.com";64;0
1514;"2022-12-03";1;"linda.brown@email.com";110;0
1515;"2022-12-03";1;"linda.brown@email.com";20;0
1516;"2022-12-03";1;"linda.brown@email.com";13;0
1517;"2022-12-03";1;"linda.brown@email.com";65;0
1518;"2022-12-03";1;"linda.brown@email.com";100;0
1519;"2022-12-03";1;"linda.brown@email.com";102;0
1520;"2022-12-03";1;"linda.brown@email.com";10;0
1521;"2022-12-03";1;"linda.brown@email.com";23;0
1522;"2022-12-03";1;"linda.brown@email.com";23;0
1523;"2022-12-03";1;"linda.brown@email.com";100;0
1524;"2022-12-03";1;"linda.brown@email.com";20;0
1525;"2022-12-03";1;"linda.brown@email.com";19;0
1526;"2022-12-03";1;"linda.brown@email.com";41;0
1527;"2022-12-03";1;"linda.brown@email.com";40;0
1528;"2022-12-03";1;"linda.brown@email.com";14;0
1529;"2022-12-03";1;"linda.brown@email.com";107;0
1530;"2022-12-03";1;"linda.brown@email.com";78;0
1531;"2022-12-03";1;"linda.brown@email.com";38;0
1532;"2022-12-03";1;"linda.brown@email.com";17;0
1533;"2022-12-03";1;"linda.brown@email.com";115;0
1535;"2022-12-03";1;"linda.brown@email.com";19;0
1536;"2022-12-03";1;"linda.brown@email.com";70;0
1538;"2022-12-03";1;"linda.brown@email.com";5;0
1539;"2022-12-03";1;"linda.brown@email.com";100;0
1540;"2022-12-03";1;"linda.brown@email.com";41;0
1542;"2022-12-03";1;"linda.brown@email.com";80;0
1543;"2022-12-03";1;"linda.brown@email.com";103;0
1544;"2022-12-03";1;"linda.brown@email.com";87;0
1545;"2022-12-03";1;"linda.brown@email.com";108;0
1546;"2022-12-03";1;"linda.brown@email.com";89;0
1547;"2022-04-06";1;"mia.ward@email.com";39;0
1548;"2022-04-06";1;"mia.ward@email.com";69;0
1549;"2022-04-06";1;"mia.ward@email.com";21;0
1550;"2022-04-06";1;"mia.ward@email.com";7;0
1552;"2022-04-06";1;"mia.ward@email.com";32;0
1553;"2022-04-06";1;"mia.ward@email.com";33;0
1554;"2022-04-06";1;"mia.ward@email.com";100;0
1555;"2022-04-06";1;"mia.ward@email.com";9;0
1556;"2022-04-06";1;"mia.ward@email.com";88;0
1557;"2022-04-06";1;"mia.ward@email.com";58;0
1558;"2022-04-06";1;"mia.ward@email.com";104;0
1559;"2022-04-06";1;"mia.ward@email.com";33;0
1560;"2022-04-06";1;"mia.ward@email.com";70;0
1561;"2022-04-06";1;"mia.ward@email.com";57;0
1562;"2022-04-06";1;"mia.ward@email.com";109;0
1563;"2022-04-06";1;"mia.ward@email.com";69;0
1564;"2022-04-06";1;"mia.ward@email.com";59;0
1565;"2022-04-06";1;"mia.ward@email.com";2;0
1566;"2022-04-06";1;"mia.ward@email.com";108;0
1567;"2022-04-06";1;"mia.ward@email.com";44;0
1568;"2022-04-06";1;"mia.ward@email.com";22;0
1569;"2022-04-06";1;"mia.ward@email.com";34;0
1570;"2022-04-06";1;"mia.ward@email.com";63;0
1571;"2022-04-06";1;"mia.ward@email.com";4;0
1572;"2022-04-06";1;"mia.ward@email.com";102;0
1573;"2022-04-06";1;"mia.ward@email.com";83;0
1574;"2022-04-06";1;"mia.ward@email.com";54;0
1575;"2022-04-06";1;"mia.ward@email.com";74;0
1576;"2022-04-06";1;"mia.ward@email.com";3;0
1577;"2022-04-06";1;"mia.ward@email.com";8;0
1578;"2022-04-06";1;"mia.ward@email.com";89;0
1579;"2022-04-06";1;"mia.ward@email.com";75;0
1580;"2022-04-06";1;"mia.ward@email.com";18;0
1581;"2022-04-06";1;"mia.ward@email.com";17;0
1582;"2022-04-06";1;"mia.ward@email.com";18;0
1583;"2022-04-06";1;"mia.ward@email.com";34;0
1584;"2022-04-06";1;"mia.ward@email.com";107;0
1585;"2022-04-06";1;"mia.ward@email.com";73;0
1586;"2022-04-06";1;"mia.ward@email.com";52;0
1587;"2022-03-20";1;"michael.green@email.com";12;0
1588;"2022-03-20";1;"michael.green@email.com";30;0
1589;"2022-03-20";1;"michael.green@email.com";63;0
1590;"2022-03-20";1;"michael.green@email.com";1;0
1591;"2022-03-20";1;"michael.green@email.com";23;0
1592;"2022-03-20";1;"michael.green@email.com";68;0
1593;"2022-03-20";1;"michael.green@email.com";41;0
1594;"2022-03-20";1;"michael.green@email.com";65;0
1595;"2022-03-20";1;"michael.green@email.com";115;0
1596;"2022-03-20";1;"michael.green@email.com";84;0
1597;"2022-03-20";1;"michael.green@email.com";57;0
1598;"2022-03-20";1;"michael.green@email.com";88;0
1599;"2022-03-20";1;"michael.green@email.com";82;0
1600;"2022-03-20";1;"michael.green@email.com";94;0
1601;"2022-03-20";1;"michael.green@email.com";29;0
1602;"2022-03-20";1;"michael.green@email.com";31;0
1603;"2022-03-20";1;"michael.green@email.com";41;0
1604;"2022-03-20";1;"michael.green@email.com";64;0
1605;"2022-03-20";1;"michael.green@email.com";88;0
1606;"2022-03-20";1;"michael.green@email.com";62;0
1607;"2022-03-20";1;"michael.green@email.com";29;0
1610;"2022-03-20";1;"michael.green@email.com";44;0
1611;"2022-03-20";1;"michael.green@email.com";72;0
1612;"2022-03-20";1;"michael.green@email.com";79;0
1613;"2022-03-20";1;"michael.green@email.com";94;0
1614;"2022-03-20";1;"michael.green@email.com";84;0
1615;"2022-03-20";1;"michael.green@email.com";83;0
1616;"2022-03-20";1;"michael.green@email.com";29;0
1617;"2022-03-20";1;"michael.green@email.com";7;0
1618;"2022-03-20";1;"michael.green@email.com";10;0
1619;"2022-03-20";1;"michael.green@email.com";98;0
1620;"2022-03-20";1;"michael.green@email.com";83;0
1621;"2022-03-20";1;"michael.green@email.com";113;0
1622;"2022-03-20";1;"michael.green@email.com";48;0
1623;"2022-03-20";1;"michael.green@email.com";21;0
1624;"2022-03-20";1;"michael.green@email.com";99;0
1625;"2022-03-20";1;"michael.green@email.com";102;0
1626;"2022-03-20";1;"michael.green@email.com";114;0
1627;"2022-04-10";1;"natalie.cooper@email.com";39;0
1628;"2022-04-10";1;"natalie.cooper@email.com";89;0
1629;"2022-04-10";1;"natalie.cooper@email.com";39;0
1630;"2022-04-10";1;"natalie.cooper@email.com";109;0
1631;"2022-04-10";1;"natalie.cooper@email.com";48;0
1632;"2022-04-10";1;"natalie.cooper@email.com";22;0
1633;"2022-04-10";1;"natalie.cooper@email.com";90;0
1634;"2022-04-10";1;"natalie.cooper@email.com";90;0
1635;"2022-04-10";1;"natalie.cooper@email.com";95;0
1636;"2022-04-10";1;"natalie.cooper@email.com";60;0
1637;"2022-04-10";1;"natalie.cooper@email.com";77;0
1638;"2022-04-10";1;"natalie.cooper@email.com";11;0
1639;"2022-04-10";1;"natalie.cooper@email.com";110;0
1640;"2022-04-10";1;"natalie.cooper@email.com";16;0
1641;"2022-04-10";1;"natalie.cooper@email.com";115;0
1642;"2022-04-10";1;"natalie.cooper@email.com";78;0
1643;"2022-04-10";1;"natalie.cooper@email.com";74;0
1644;"2022-04-10";1;"natalie.cooper@email.com";49;0
1645;"2022-04-10";1;"natalie.cooper@email.com";23;0
1646;"2022-04-10";1;"natalie.cooper@email.com";20;0
1647;"2022-04-10";1;"natalie.cooper@email.com";33;0
1648;"2022-04-10";1;"natalie.cooper@email.com";55;0
1649;"2022-04-10";1;"natalie.cooper@email.com";28;0
1650;"2022-04-10";1;"natalie.cooper@email.com";73;0
1652;"2022-04-10";1;"natalie.cooper@email.com";97;0
1653;"2022-04-10";1;"natalie.cooper@email.com";7;0
1654;"2022-04-10";1;"natalie.cooper@email.com";64;0
1655;"2022-04-10";1;"natalie.cooper@email.com";88;0
1657;"2022-04-10";1;"natalie.cooper@email.com";82;0
1658;"2022-04-10";1;"natalie.cooper@email.com";45;0
1659;"2022-04-10";1;"natalie.cooper@email.com";50;0
1660;"2022-04-10";1;"natalie.cooper@email.com";109;0
1661;"2022-04-10";1;"natalie.cooper@email.com";22;0
1662;"2022-04-10";1;"natalie.cooper@email.com";70;0
1663;"2022-04-10";1;"natalie.cooper@email.com";94;0
1664;"2022-04-10";1;"natalie.cooper@email.com";6;0
1665;"2022-04-10";1;"natalie.cooper@email.com";68;0
1666;"2022-04-10";1;"natalie.cooper@email.com";12;0
1667;"2022-05-21";1;"nathan.king@email.com";13;0
1668;"2022-05-21";1;"nathan.king@email.com";35;0
1669;"2022-05-21";1;"nathan.king@email.com";95;0
1670;"2022-05-21";1;"nathan.king@email.com";11;0
1671;"2022-05-21";1;"nathan.king@email.com";18;0
1672;"2022-05-21";1;"nathan.king@email.com";100;0
1673;"2022-05-21";1;"nathan.king@email.com";79;0
1674;"2022-05-21";1;"nathan.king@email.com";108;0
1675;"2022-05-21";1;"nathan.king@email.com";85;0
1676;"2022-05-21";1;"nathan.king@email.com";88;0
1677;"2022-05-21";1;"nathan.king@email.com";90;0
1678;"2022-05-21";1;"nathan.king@email.com";11;0
1679;"2022-05-21";1;"nathan.king@email.com";57;0
1680;"2022-05-21";1;"nathan.king@email.com";109;0
1681;"2022-05-21";1;"nathan.king@email.com";31;0
1682;"2022-05-21";1;"nathan.king@email.com";109;0
1683;"2022-05-21";1;"nathan.king@email.com";49;0
1684;"2022-05-21";1;"nathan.king@email.com";103;0
1686;"2022-05-21";1;"nathan.king@email.com";22;0
1687;"2022-05-21";1;"nathan.king@email.com";57;0
1688;"2022-05-21";1;"nathan.king@email.com";17;0
1689;"2022-05-21";1;"nathan.king@email.com";80;0
1690;"2022-05-21";1;"nathan.king@email.com";63;0
1691;"2022-05-21";1;"nathan.king@email.com";28;0
1692;"2022-05-21";1;"nathan.king@email.com";16;0
1693;"2022-05-21";1;"nathan.king@email.com";77;0
1694;"2022-05-21";1;"nathan.king@email.com";69;0
1696;"2022-05-21";1;"nathan.king@email.com";16;0
1697;"2022-05-21";1;"nathan.king@email.com";85;0
1698;"2022-05-21";1;"nathan.king@email.com";38;0
1699;"2022-05-21";1;"nathan.king@email.com";32;0
1700;"2022-05-21";1;"nathan.king@email.com";49;0
1701;"2022-05-21";1;"nathan.king@email.com";72;0
1702;"2022-05-21";1;"nathan.king@email.com";1;0
1703;"2022-05-21";1;"nathan.king@email.com";25;0
1704;"2022-05-21";1;"nathan.king@email.com";68;0
1705;"2022-05-21";1;"nathan.king@email.com";57;0
1706;"2022-05-21";1;"nathan.king@email.com";75;0
1707;"2022-01-01";1;"olivia.johnson@email.com";78;0
1708;"2022-01-01";1;"olivia.johnson@email.com";32;0
1709;"2022-01-01";1;"olivia.johnson@email.com";107;0
1710;"2022-01-01";1;"olivia.johnson@email.com";34;0
1712;"2022-01-01";1;"olivia.johnson@email.com";23;0
1713;"2022-01-01";1;"olivia.johnson@email.com";37;0
1714;"2022-01-01";1;"olivia.johnson@email.com";19;0
1715;"2022-01-01";1;"olivia.johnson@email.com";70;0
1717;"2022-01-01";1;"olivia.johnson@email.com";35;0
1718;"2022-01-01";1;"olivia.johnson@email.com";40;0
1719;"2022-01-01";1;"olivia.johnson@email.com";75;0
1720;"2022-01-01";1;"olivia.johnson@email.com";97;0
1721;"2022-01-01";1;"olivia.johnson@email.com";33;0
1722;"2022-01-01";1;"olivia.johnson@email.com";107;0
1723;"2022-01-01";1;"olivia.johnson@email.com";88;0
1724;"2022-01-01";1;"olivia.johnson@email.com";58;0
1725;"2022-01-01";1;"olivia.johnson@email.com";102;0
1726;"2022-01-01";1;"olivia.johnson@email.com";104;0
1727;"2022-01-01";1;"olivia.johnson@email.com";110;0
1728;"2022-01-01";1;"olivia.johnson@email.com";22;0
1729;"2022-01-01";1;"olivia.johnson@email.com";70;0
1730;"2022-01-01";1;"olivia.johnson@email.com";63;0
1731;"2022-01-01";1;"olivia.johnson@email.com";54;0
1732;"2022-01-01";1;"olivia.johnson@email.com";110;0
1733;"2022-01-01";1;"olivia.johnson@email.com";16;0
1734;"2022-01-01";1;"olivia.johnson@email.com";99;0
1736;"2022-01-01";1;"olivia.johnson@email.com";74;0
1737;"2022-01-01";1;"olivia.johnson@email.com";113;0
1738;"2022-01-01";1;"olivia.johnson@email.com";50;0
1740;"2022-01-01";1;"olivia.johnson@email.com";37;0
1741;"2022-01-01";1;"olivia.johnson@email.com";104;0
1742;"2022-01-01";1;"olivia.johnson@email.com";14;0
1744;"2022-01-01";1;"olivia.johnson@email.com";104;0
1745;"2022-01-01";1;"olivia.johnson@email.com";4;0
1746;"2022-01-01";1;"olivia.johnson@email.com";16;0
1747;"2022-10-24";1;"peter.baker@email.com";2;0
1748;"2022-10-24";1;"peter.baker@email.com";70;0
1749;"2022-10-24";1;"peter.baker@email.com";38;0
1750;"2022-10-24";1;"peter.baker@email.com";87;0
1751;"2022-10-24";1;"peter.baker@email.com";98;0
1753;"2022-10-24";1;"peter.baker@email.com";84;0
1754;"2022-10-24";1;"peter.baker@email.com";18;0
1755;"2022-10-24";1;"peter.baker@email.com";10;0
1756;"2022-10-24";1;"peter.baker@email.com";65;0
1757;"2022-10-24";1;"peter.baker@email.com";48;0
1758;"2022-10-24";1;"peter.baker@email.com";74;0
1759;"2022-10-24";1;"peter.baker@email.com";104;0
1760;"2022-10-24";1;"peter.baker@email.com";40;0
1761;"2022-10-24";1;"peter.baker@email.com";65;0
1762;"2022-10-24";1;"peter.baker@email.com";87;0
1763;"2022-10-24";1;"peter.baker@email.com";98;0
1764;"2022-10-24";1;"peter.baker@email.com";68;0
1765;"2022-10-24";1;"peter.baker@email.com";1;0
1766;"2022-10-24";1;"peter.baker@email.com";16;0
1767;"2022-10-24";1;"peter.baker@email.com";57;0
1769;"2022-10-24";1;"peter.baker@email.com";58;0
1770;"2022-10-24";1;"peter.baker@email.com";45;0
1771;"2022-10-24";1;"peter.baker@email.com";40;0
1772;"2022-10-24";1;"peter.baker@email.com";70;0
1773;"2022-10-24";1;"peter.baker@email.com";52;0
1774;"2022-10-24";1;"peter.baker@email.com";44;0
1775;"2022-10-24";1;"peter.baker@email.com";94;0
1776;"2022-10-24";1;"peter.baker@email.com";88;0
1777;"2022-10-24";1;"peter.baker@email.com";74;0
1778;"2022-10-24";1;"peter.baker@email.com";64;0
1779;"2022-10-24";1;"peter.baker@email.com";15;0
1780;"2022-10-24";1;"peter.baker@email.com";83;0
1781;"2022-10-24";1;"peter.baker@email.com";49;0
1782;"2022-10-24";1;"peter.baker@email.com";49;0
1784;"2022-10-24";1;"peter.baker@email.com";72;0
1785;"2022-10-24";1;"peter.baker@email.com";1;0
1786;"2022-10-24";1;"peter.baker@email.com";82;0
1787;"2022-10-24";1;"ryan.morris@email.com";113;0
1788;"2022-10-24";1;"ryan.morris@email.com";95;0
1789;"2022-10-24";1;"ryan.morris@email.com";107;0
1790;"2022-10-24";1;"ryan.morris@email.com";94;0
1792;"2022-10-24";1;"ryan.morris@email.com";60;0
1793;"2022-10-24";1;"ryan.morris@email.com";77;0
1794;"2022-10-24";1;"ryan.morris@email.com";107;0
1795;"2022-10-24";1;"ryan.morris@email.com";67;0
1798;"2022-10-24";1;"ryan.morris@email.com";40;0
1799;"2022-10-24";1;"ryan.morris@email.com";90;0
1800;"2022-10-24";1;"ryan.morris@email.com";22;0
1801;"2022-10-24";1;"ryan.morris@email.com";58;0
1802;"2022-10-24";1;"ryan.morris@email.com";80;0
1803;"2022-10-24";1;"ryan.morris@email.com";68;0
1805;"2022-10-24";1;"ryan.morris@email.com";47;0
1806;"2022-10-24";1;"ryan.morris@email.com";68;0
1807;"2022-10-24";1;"ryan.morris@email.com";1;0
1808;"2022-10-24";1;"ryan.morris@email.com";87;0
1809;"2022-10-24";1;"ryan.morris@email.com";50;0
1810;"2022-10-24";1;"ryan.morris@email.com";75;0
1811;"2022-10-24";1;"ryan.morris@email.com";55;0
1812;"2022-10-24";1;"ryan.morris@email.com";52;0
1813;"2022-10-24";1;"ryan.morris@email.com";44;0
1814;"2022-10-24";1;"ryan.morris@email.com";80;0
1815;"2022-10-24";1;"ryan.morris@email.com";75;0
1816;"2022-10-24";1;"ryan.morris@email.com";94;0
1817;"2022-10-24";1;"ryan.morris@email.com";90;0
1818;"2022-10-24";1;"ryan.morris@email.com";115;0
1819;"2022-10-24";1;"ryan.morris@email.com";9;0
1820;"2022-10-24";1;"ryan.morris@email.com";64;0
1821;"2022-10-24";1;"ryan.morris@email.com";32;0
1822;"2022-10-24";1;"ryan.morris@email.com";82;0
1823;"2022-10-24";1;"ryan.morris@email.com";84;0
1824;"2022-10-24";1;"ryan.morris@email.com";38;0
1825;"2022-10-24";1;"ryan.morris@email.com";3;0
1827;"2022-12-21";1;"samuel.martin@email.com";20;0
1828;"2022-12-21";1;"samuel.martin@email.com";82;0
1829;"2022-12-21";1;"samuel.martin@email.com";100;0
1830;"2022-12-21";1;"samuel.martin@email.com";35;0
1831;"2022-12-21";1;"samuel.martin@email.com";109;0
1832;"2022-12-21";1;"samuel.martin@email.com";23;0
1833;"2022-12-21";1;"samuel.martin@email.com";99;0
1834;"2022-12-21";1;"samuel.martin@email.com";10;0
1835;"2022-12-21";1;"samuel.martin@email.com";105;0
1836;"2022-12-21";1;"samuel.martin@email.com";100;0
1837;"2022-12-21";1;"samuel.martin@email.com";78;0
1838;"2022-12-21";1;"samuel.martin@email.com";2;0
1839;"2022-12-21";1;"samuel.martin@email.com";45;0
1840;"2022-12-21";1;"samuel.martin@email.com";34;0
1841;"2022-12-21";1;"samuel.martin@email.com";103;0
1843;"2022-12-21";1;"samuel.martin@email.com";112;0
1844;"2022-12-21";1;"samuel.martin@email.com";88;0
1845;"2022-12-21";1;"samuel.martin@email.com";70;0
1846;"2022-12-21";1;"samuel.martin@email.com";39;0
1847;"2022-12-21";1;"samuel.martin@email.com";20;0
1848;"2022-12-21";1;"samuel.martin@email.com";60;0
1849;"2022-12-21";1;"samuel.martin@email.com";107;0
1850;"2022-12-21";1;"samuel.martin@email.com";34;0
1851;"2022-12-21";1;"samuel.martin@email.com";63;0
1852;"2022-12-21";1;"samuel.martin@email.com";22;0
1853;"2022-12-21";1;"samuel.martin@email.com";60;0
1854;"2022-12-21";1;"samuel.martin@email.com";6;0
1855;"2022-12-21";1;"samuel.martin@email.com";35;0
1856;"2022-12-21";1;"samuel.martin@email.com";13;0
1857;"2022-12-21";1;"samuel.martin@email.com";55;0
1858;"2022-12-21";1;"samuel.martin@email.com";9;0
1859;"2022-12-21";1;"samuel.martin@email.com";9;0
1860;"2022-12-21";1;"samuel.martin@email.com";85;0
1861;"2022-12-21";1;"samuel.martin@email.com";57;0
1862;"2022-12-21";1;"samuel.martin@email.com";3;0
1863;"2022-12-21";1;"samuel.martin@email.com";22;0
1864;"2022-12-21";1;"samuel.martin@email.com";65;0
1865;"2022-12-21";1;"samuel.martin@email.com";21;0
1866;"2022-12-21";1;"samuel.martin@email.com";89;0
1867;"2022-02-13";1;"sarah.miller@email.com";82;0
1868;"2022-02-13";1;"sarah.miller@email.com";89;0
1869;"2022-02-13";1;"sarah.miller@email.com";78;0
1870;"2022-02-13";1;"sarah.miller@email.com";39;0
1872;"2022-02-13";1;"sarah.miller@email.com";68;0
1874;"2022-02-13";1;"sarah.miller@email.com";31;0
1875;"2022-02-13";1;"sarah.miller@email.com";114;0
1876;"2022-02-13";1;"sarah.miller@email.com";43;0
1877;"2022-02-13";1;"sarah.miller@email.com";35;0
1878;"2022-02-13";1;"sarah.miller@email.com";9;0
1879;"2022-02-13";1;"sarah.miller@email.com";10;0
1880;"2022-02-13";1;"sarah.miller@email.com";90;0
1881;"2022-02-13";1;"sarah.miller@email.com";107;0
1882;"2022-02-13";1;"sarah.miller@email.com";67;0
1883;"2022-02-13";1;"sarah.miller@email.com";85;0
1884;"2022-02-13";1;"sarah.miller@email.com";48;0
1885;"2022-02-13";1;"sarah.miller@email.com";60;0
1886;"2022-02-13";1;"sarah.miller@email.com";72;0
1887;"2022-02-13";1;"sarah.miller@email.com";95;0
1888;"2022-02-13";1;"sarah.miller@email.com";7;0
1889;"2022-02-13";1;"sarah.miller@email.com";22;0
1890;"2022-02-13";1;"sarah.miller@email.com";39;0
1891;"2022-02-13";1;"sarah.miller@email.com";84;0
1892;"2022-02-13";1;"sarah.miller@email.com";95;0
1894;"2022-02-13";1;"sarah.miller@email.com";105;0
1895;"2022-02-13";1;"sarah.miller@email.com";72;0
1896;"2022-02-13";1;"sarah.miller@email.com";35;0
1897;"2022-02-13";1;"sarah.miller@email.com";79;0
1898;"2022-02-13";1;"sarah.miller@email.com";95;0
1899;"2022-02-13";1;"sarah.miller@email.com";30;0
1900;"2022-02-13";1;"sarah.miller@email.com";72;0
1901;"2022-02-13";1;"sarah.miller@email.com";52;0
1902;"2022-02-13";1;"sarah.miller@email.com";23;0
1903;"2022-02-13";1;"sarah.miller@email.com";62;0
1904;"2022-02-13";1;"sarah.miller@email.com";102;0
1905;"2022-02-13";1;"sarah.miller@email.com";34;0
1906;"2022-02-13";1;"sarah.miller@email.com";79;0
1907;"2022-06-23";1;"steven.turner@email.com";29;0
1908;"2022-06-23";1;"steven.turner@email.com";34;0
1909;"2022-06-23";1;"steven.turner@email.com";79;0
1910;"2022-06-23";1;"steven.turner@email.com";32;0
1911;"2022-06-23";1;"steven.turner@email.com";109;0
1912;"2022-06-23";1;"steven.turner@email.com";85;0
1913;"2022-06-23";1;"steven.turner@email.com";4;0
1914;"2022-06-23";1;"steven.turner@email.com";110;0
1916;"2022-06-23";1;"steven.turner@email.com";112;0
1917;"2022-06-23";1;"steven.turner@email.com";80;0
1918;"2022-06-23";1;"steven.turner@email.com";52;0
1919;"2022-06-23";1;"steven.turner@email.com";41;0
1920;"2022-06-23";1;"steven.turner@email.com";98;0
1921;"2022-06-23";1;"steven.turner@email.com";32;0
1922;"2022-06-23";1;"steven.turner@email.com";35;0
1923;"2022-06-23";1;"steven.turner@email.com";25;0
1924;"2022-06-23";1;"steven.turner@email.com";10;0
1925;"2022-06-23";1;"steven.turner@email.com";94;0
1926;"2022-06-23";1;"steven.turner@email.com";22;0
1927;"2022-06-23";1;"steven.turner@email.com";112;0
1928;"2022-06-23";1;"steven.turner@email.com";75;0
1929;"2022-06-23";1;"steven.turner@email.com";57;0
1930;"2022-06-23";1;"steven.turner@email.com";75;0
1931;"2022-06-23";1;"steven.turner@email.com";94;0
1932;"2022-06-23";1;"steven.turner@email.com";19;0
1933;"2022-06-23";1;"steven.turner@email.com";78;0
1934;"2022-06-23";1;"steven.turner@email.com";34;0
1935;"2022-06-23";1;"steven.turner@email.com";59;0
1936;"2022-06-23";1;"steven.turner@email.com";68;0
1937;"2022-06-23";1;"steven.turner@email.com";21;0
1938;"2022-06-23";1;"steven.turner@email.com";18;0
1939;"2022-06-23";1;"steven.turner@email.com";100;0
1940;"2022-06-23";1;"steven.turner@email.com";18;0
1941;"2022-06-23";1;"steven.turner@email.com";115;0
1943;"2022-06-23";1;"steven.turner@email.com";57;0
1944;"2022-06-23";1;"steven.turner@email.com";47;0
1945;"2022-06-23";1;"steven.turner@email.com";40;0
1946;"2022-06-23";1;"steven.turner@email.com";97;0
1947;"2022-07-08";1;"victoria.hall@email.com";15;0
1951;"2022-07-08";1;"victoria.hall@email.com";88;0
1952;"2022-07-08";1;"victoria.hall@email.com";40;0
1953;"2022-07-08";1;"victoria.hall@email.com";9;0
1954;"2022-07-08";1;"victoria.hall@email.com";14;0
1955;"2022-07-08";1;"victoria.hall@email.com";30;0
1956;"2022-07-08";1;"victoria.hall@email.com";64;0
1957;"2022-07-08";1;"victoria.hall@email.com";13;0
1958;"2022-07-08";1;"victoria.hall@email.com";24;0
1959;"2022-07-08";1;"victoria.hall@email.com";6;0
1960;"2022-07-08";1;"victoria.hall@email.com";8;0
1961;"2022-07-08";1;"victoria.hall@email.com";104;0
1962;"2022-07-08";1;"victoria.hall@email.com";77;0
1963;"2022-07-08";1;"victoria.hall@email.com";3;0
1964;"2022-07-08";1;"victoria.hall@email.com";114;0
1965;"2022-07-08";1;"victoria.hall@email.com";97;0
1966;"2022-07-08";1;"victoria.hall@email.com";28;0
1967;"2022-07-08";1;"victoria.hall@email.com";88;0
1968;"2022-07-08";1;"victoria.hall@email.com";5;0
1969;"2022-07-08";1;"victoria.hall@email.com";64;0
1970;"2022-07-08";1;"victoria.hall@email.com";68;0
1971;"2022-07-08";1;"victoria.hall@email.com";105;0
1973;"2022-07-08";1;"victoria.hall@email.com";114;0
1974;"2022-07-08";1;"victoria.hall@email.com";79;0
1975;"2022-07-08";1;"victoria.hall@email.com";57;0
1976;"2022-07-08";1;"victoria.hall@email.com";44;0
1977;"2022-07-08";1;"victoria.hall@email.com";85;0
1978;"2022-07-08";1;"victoria.hall@email.com";108;0
1979;"2022-07-08";1;"victoria.hall@email.com";16;0
1980;"2022-07-08";1;"victoria.hall@email.com";79;0
1981;"2022-07-08";1;"victoria.hall@email.com";89;0
1982;"2022-07-08";1;"victoria.hall@email.com";23;0
1983;"2022-07-08";1;"victoria.hall@email.com";13;0
1984;"2022-07-08";1;"victoria.hall@email.com";29;0
1985;"2022-07-08";1;"victoria.hall@email.com";52;0
1986;"2022-07-08";1;"victoria.hall@email.com";30;0
1987;"2022-08-15";1;"gorinima@gmail.com";49;0
1988;"2022-08-15";1;"gorinima@gmail.com";97;0
1989;"2022-08-15";1;"gorinima@gmail.com";22;0
1990;"2022-08-15";1;"gorinima@gmail.com";30;0
1991;"2022-08-15";1;"gorinima@gmail.com";31;0
1992;"2022-08-15";1;"gorinima@gmail.com";105;0
1993;"2022-08-15";1;"gorinima@gmail.com";37;0
1994;"2022-08-15";1;"gorinima@gmail.com";60;0
1995;"2022-08-15";1;"gorinima@gmail.com";75;0
1996;"2022-08-15";1;"gorinima@gmail.com";50;0
1997;"2022-08-15";1;"gorinima@gmail.com";28;0
1998;"2022-08-15";1;"gorinima@gmail.com";58;0
2000;"2022-08-15";1;"gorinima@gmail.com";34;0
2001;"2022-08-15";1;"gorinima@gmail.com";43;0
2002;"2022-08-15";1;"gorinima@gmail.com";64;0
2003;"2022-08-15";1;"gorinima@gmail.com";15;0
2004;"2022-08-15";1;"gorinima@gmail.com";28;0
2005;"2022-08-15";1;"gorinima@gmail.com";11;0
2006;"2022-08-15";1;"gorinima@gmail.com";6;0
2007;"2022-08-15";1;"gorinima@gmail.com";2;0
2008;"2022-08-15";1;"gorinima@gmail.com";103;0
2009;"2022-08-15";1;"gorinima@gmail.com";1;0
2010;"2022-08-15";1;"gorinima@gmail.com";110;0
2011;"2022-08-15";1;"gorinima@gmail.com";62;0
2012;"2022-08-15";1;"gorinima@gmail.com";41;0
2013;"2022-08-15";1;"gorinima@gmail.com";114;0
2014;"2022-08-15";1;"gorinima@gmail.com";50;0
2015;"2022-08-15";1;"gorinima@gmail.com";109;0
2016;"2022-08-15";1;"gorinima@gmail.com";75;0
2017;"2022-08-15";1;"gorinima@gmail.com";37;0
2019;"2022-08-15";1;"gorinima@gmail.com";52;0
2020;"2022-08-15";1;"gorinima@gmail.com";21;0
2021;"2022-08-15";1;"gorinima@gmail.com";113;0
2022;"2022-08-15";1;"gorinima@gmail.com";98;0
2023;"2022-08-15";1;"gorinima@gmail.com";83;0
2024;"2022-08-15";1;"gorinima@gmail.com";20;0
2025;"2022-08-15";1;"gorinima@gmail.com";102;0
2026;"2022-08-15";1;"gorinima@gmail.com";4;0
