{
  "version": "1.2.0-beta.0",
  "graph": {
    "nodes": [
      {
        "id": "n0",
        "position": {
          "x": 327.9091106222008,
          "y": 300
        },
        "caption": "Song"
      },
      {
        "id": "n1",
        "position": {
          "x": 0,
          "y": 300
        },
        "caption": "Artist"
      },
      {
        "id": "n2",
        "position": {
          "x": 627.9091106222008,
          "y": 300
        },
        "caption": "Author"
      },
      {
        "id": "n3",
        "position": {
          "x": 0,
          "y": 600
        },
        "caption": "Playlist"
      },
      {
        "id": "n4",
        "position": {
          "x": 627.9091106222008,
          "y": 600
        },
        "caption": "Podcast"
      },
      {
        "id": "n5",
        "position": {
          "x": 327.9091106222008,
          "y": 600
        },
        "caption": "User"
      },
      {
        "id": "n7",
        "position": {
          "x": 0,
          "y": 53.29492234959187
        },
        "caption": "Category"
      }
    ],
    "relationships": [
      {
        "id": "n0",
        "type": "produced_by",
        "fromId": "n0",
        "toId": "n1"
      },
      {
        "id": "n1",
        "type": "conducted_by",
        "fromId": "n4",
        "toId": "n2"
      },
      {
        "id": "n2",
        "type": "added_song_to_playlist",
        "fromId": "n0",
        "toId": "n3"
      },
      {
        "id": "n3",
        "type": "favourite_playlist",
        "fromId": "n5",
        "toId": "n3"
      },
      {
        "id": "n4",
        "type": "favourite_song",
        "fromId": "n5",
        "toId": "n0"
      },
      {
        "id": "n5",
        "type": "grouped_into",
        "fromId": "n0",
        "toId": "n7"
      },
      {
        "id": "n8",
        "type": "listen_song",
        "fromId": "n5",
        "toId": "n0"
      },
      {
        "id": "n9",
        "type": "listen_podcast",
        "fromId": "n5",
        "toId": "n4"
      },
      {
        "id": "n10",
        "type": "create",
        "fromId": "n5",
        "toId": "n3"
      }
    ]
  },
  "dataModel": {
    "version": "1.2.0-beta.0",
    "graphSchemaRepresentation": {
      "version": "1.0.0",
      "graphSchema": {
        "nodeLabels": [
          {
            "$id": "nl:n0",
            "token": "Song"
          },
          {
            "$id": "nl:n1",
            "token": "Artist"
          },
          {
            "$id": "nl:n2",
            "token": "Author"
          },
          {
            "$id": "nl:n3",
            "token": "Playlist"
          },
          {
            "$id": "nl:n4",
            "token": "Podcast"
          },
          {
            "$id": "nl:n5",
            "token": "User"
          },
          {
            "$id": "nl:n7",
            "token": "Category"
          }
        ],
        "relationshipTypes": [
          {
            "$id": "rt:n0",
            "token": "produced_by"
          },
          {
            "$id": "rt:n1",
            "token": "conducted_by"
          },
          {
            "$id": "rt:n2",
            "token": "added_song_to_playlist"
          },
          {
            "$id": "rt:n3",
            "token": "favourite_playlist"
          },
          {
            "$id": "rt:n4",
            "token": "favourite_song"
          },
          {
            "$id": "rt:n5",
            "token": "grouped_into"
          },
          {
            "$id": "rt:n8",
            "token": "listen_song"
          },
          {
            "$id": "rt:n9",
            "token": "listen_podcast"
          },
          {
            "$id": "rt:n10",
            "token": "create"
          }
        ],
        "nodeObjectTypes": [
          {
            "$id": "n:n0",
            "labels": [
              {
                "$ref": "#nl:n0"
              }
            ],
            "properties": [
              {
                "$id": "p:1",
                "token": "id",
                "type": {
                  "type": "integer"
                },
                "nullable": true
              },
              {
                "$id": "p:2",
                "token": "title",
                "type": {
                  "type": "string"
                },
                "nullable": true
              },
              {
                "$id": "p:3",
                "token": "duration",
                "type": {
                  "type": "integer"
                },
                "nullable": true
              },
              {
                "$id": "p:4",
                "token": "publicationDate",
                "type": {
                  "type": "datetime"
                },
                "nullable": true
              },
              {
                "$id": "p:5",
                "token": "text",
                "type": {
                  "type": "string"
                },
                "nullable": true
              }
            ]
          },
          {
            "$id": "n:n1",
            "labels": [
              {
                "$ref": "#nl:n1"
              }
            ],
            "properties": [
              {
                "$id": "p:6",
                "token": "id",
                "type": {
                  "type": "integer"
                },
                "nullable": true
              },
              {
                "$id": "p:7",
                "token": "stageName",
                "type": {
                  "type": "string"
                },
                "nullable": true
              },
              {
                "$id": "p:8",
                "token": "name",
                "type": {
                  "type": "string"
                },
                "nullable": true
              },
              {
                "$id": "p:9",
                "token": "surname",
                "type": {
                  "type": "string"
                },
                "nullable": true
              },
              {
                "$id": "p:10",
                "token": "dateOfBirth",
                "type": {
                  "type": "datetime"
                },
                "nullable": true
              },
              {
                "$id": "p:11",
                "token": "recordLabel",
                "type": {
                  "type": "string"
                },
                "nullable": true
              }
            ]
          },
          {
            "$id": "n:n2",
            "labels": [
              {
                "$ref": "#nl:n2"
              }
            ],
            "properties": [
              {
                "$id": "p:12",
                "token": "id",
                "type": {
                  "type": "integer"
                },
                "nullable": true
              },
              {
                "$id": "p:13",
                "token": "name",
                "type": {
                  "type": "string"
                },
                "nullable": true
              },
              {
                "$id": "p:14",
                "token": "surname",
                "type": {
                  "type": "string"
                },
                "nullable": true
              },
              {
                "$id": "p:15",
                "token": "productionLabel",
                "type": {
                  "type": "string"
                },
                "nullable": true
              }
            ]
          },
          {
            "$id": "n:n3",
            "labels": [
              {
                "$ref": "#nl:n3"
              }
            ],
            "properties": [
              {
                "$id": "p:16",
                "token": "id",
                "type": {
                  "type": "integer"
                },
                "nullable": true
              },
              {
                "$id": "p:17",
                "token": "title",
                "type": {
                  "type": "string"
                },
                "nullable": true
              },
              {
                "$id": "p:18",
                "token": "creationDate",
                "type": {
                  "type": "datetime"
                },
                "nullable": true
              },
              {
                "$id": "p:19",
                "token": "isPublic",
                "type": {
                  "type": "boolean"
                },
                "nullable": true
              }
            ]
          },
          {
            "$id": "n:n4",
            "labels": [
              {
                "$ref": "#nl:n4"
              }
            ],
            "properties": [
              {
                "$id": "p:21",
                "token": "id",
                "type": {
                  "type": "integer"
                },
                "nullable": true
              },
              {
                "$id": "p:22",
                "token": "title",
                "type": {
                  "type": "string"
                },
                "nullable": true
              },
              {
                "$id": "p:23",
                "token": "duration",
                "type": {
                  "type": "integer"
                },
                "nullable": true
              },
              {
                "$id": "p:24",
                "token": "publicationDate",
                "type": {
                  "type": "datetime"
                },
                "nullable": true
              }
            ]
          },
          {
            "$id": "n:n5",
            "labels": [
              {
                "$ref": "#nl:n5"
              }
            ],
            "properties": [
              {
                "$id": "p:25",
                "token": "mail",
                "type": {
                  "type": "string"
                },
                "nullable": true
              },
              {
                "$id": "p:26",
                "token": "username",
                "type": {
                  "type": "string"
                },
                "nullable": true
              },
              {
                "$id": "p:27",
                "token": "password",
                "type": {
                  "type": "string"
                },
                "nullable": true
              },
              {
                "$id": "p:28",
                "token": "registrationDate",
                "type": {
                  "type": "datetime"
                },
                "nullable": true
              },
              {
                "$id": "p:29",
                "token": "isPremium",
                "type": {
                  "type": "boolean"
                },
                "nullable": true
              }
            ]
          },
          {
            "$id": "n:n7",
            "labels": [
              {
                "$ref": "#nl:n7"
              }
            ],
            "properties": [
              {
                "$id": "p:49",
                "token": "name",
                "type": {
                  "type": "string"
                },
                "nullable": true
              },
              {
                "$id": "p:50",
                "token": "description",
                "type": {
                  "type": "string"
                },
                "nullable": true
              }
            ]
          }
        ],
        "relationshipObjectTypes": [
          {
            "$id": "r:n0",
            "type": {
              "$ref": "#rt:n0"
            },
            "from": {
              "$ref": "#n:n0"
            },
            "to": {
              "$ref": "#n:n1"
            },
            "properties": [
              {
                "$id": "p:36",
                "token": "idArtist",
                "type": {
                  "type": "integer"
                },
                "nullable": true
              },
              {
                "$id": "p:37",
                "token": "idSong",
                "type": {
                  "type": "integer"
                },
                "nullable": true
              }
            ]
          },
          {
            "$id": "r:n1",
            "type": {
              "$ref": "#rt:n1"
            },
            "from": {
              "$ref": "#n:n4"
            },
            "to": {
              "$ref": "#n:n2"
            },
            "properties": [
              {
                "$id": "p:38",
                "token": "idAuthor",
                "type": {
                  "type": "integer"
                },
                "nullable": true
              },
              {
                "$id": "p:39",
                "token": "idPodcast",
                "type": {
                  "type": "integer"
                },
                "nullable": true
              }
            ]
          },
          {
            "$id": "r:n2",
            "type": {
              "$ref": "#rt:n2"
            },
            "from": {
              "$ref": "#n:n0"
            },
            "to": {
              "$ref": "#n:n3"
            },
            "properties": [
              {
                "$id": "p:40",
                "token": "idSong",
                "type": {
                  "type": "integer"
                },
                "nullable": true
              },
              {
                "$id": "p:41",
                "token": "idPlaylist",
                "type": {
                  "type": "integer"
                },
                "nullable": true
              },
              {
                "$id": "p:42",
                "token": "addedDate",
                "type": {
                  "type": "datetime"
                },
                "nullable": true
              }
            ]
          },
          {
            "$id": "r:n3",
            "type": {
              "$ref": "#rt:n3"
            },
            "from": {
              "$ref": "#n:n5"
            },
            "to": {
              "$ref": "#n:n3"
            },
            "properties": [
              {
                "$id": "p:43",
                "token": "idPlaylist",
                "type": {
                  "type": "integer"
                },
                "nullable": true
              },
              {
                "$id": "p:44",
                "token": "mailUser",
                "type": {
                  "type": "string"
                },
                "nullable": true
              },
              {
                "$id": "p:45",
                "token": "favouriteDate",
                "type": {
                  "type": "datetime"
                },
                "nullable": true
              }
            ]
          },
          {
            "$id": "r:n4",
            "type": {
              "$ref": "#rt:n4"
            },
            "from": {
              "$ref": "#n:n5"
            },
            "to": {
              "$ref": "#n:n0"
            },
            "properties": [
              {
                "$id": "p:46",
                "token": "idSong",
                "type": {
                  "type": "integer"
                },
                "nullable": true
              },
              {
                "$id": "p:47",
                "token": "mailUser",
                "type": {
                  "type": "string"
                },
                "nullable": true
              },
              {
                "$id": "p:48",
                "token": "favouriteDate",
                "type": {
                  "type": "datetime"
                },
                "nullable": true
              }
            ]
          },
          {
            "$id": "r:n5",
            "type": {
              "$ref": "#rt:n5"
            },
            "from": {
              "$ref": "#n:n0"
            },
            "to": {
              "$ref": "#n:n7"
            },
            "properties": [
              {
                "$id": "p:51",
                "token": "idSong",
                "type": {
                  "type": "integer"
                },
                "nullable": true
              },
              {
                "$id": "p:52",
                "token": "nameCategory",
                "type": {
                  "type": "string"
                },
                "nullable": true
              }
            ]
          },
          {
            "$id": "r:n8",
            "type": {
              "$ref": "#rt:n8"
            },
            "from": {
              "$ref": "#n:n5"
            },
            "to": {
              "$ref": "#n:n0"
            },
            "properties": [
              {
                "$id": "p:53",
                "token": "id",
                "type": {
                  "type": "integer"
                },
                "nullable": true
              },
              {
                "$id": "p:54",
                "token": "date",
                "type": {
                  "type": "datetime"
                },
                "nullable": true
              },
              {
                "$id": "p:55",
                "token": "finished",
                "type": {
                  "type": "boolean"
                },
                "nullable": true
              },
              {
                "$id": "p:56",
                "token": "mailUser",
                "type": {
                  "type": "string"
                },
                "nullable": true
              },
              {
                "$id": "p:57",
                "token": "idSong",
                "type": {
                  "type": "integer"
                },
                "nullable": true
              }
            ]
          },
          {
            "$id": "r:n9",
            "type": {
              "$ref": "#rt:n9"
            },
            "from": {
              "$ref": "#n:n5"
            },
            "to": {
              "$ref": "#n:n4"
            },
            "properties": [
              {
                "$id": "p:58",
                "token": "id",
                "type": {
                  "type": "integer"
                },
                "nullable": true
              },
              {
                "$id": "p:59",
                "token": "date",
                "type": {
                  "type": "datetime"
                },
                "nullable": true
              },
              {
                "$id": "p:60",
                "token": "finished",
                "type": {
                  "type": "boolean"
                },
                "nullable": true
              },
              {
                "$id": "p:61",
                "token": "mailUser",
                "type": {
                  "type": "string"
                },
                "nullable": true
              },
              {
                "$id": "p:62",
                "token": "idPodcast",
                "type": {
                  "type": "integer"
                },
                "nullable": true
              }
            ]
          },
          {
            "$id": "r:n10",
            "type": {
              "$ref": "#rt:n10"
            },
            "from": {
              "$ref": "#n:n5"
            },
            "to": {
              "$ref": "#n:n3"
            },
            "properties": [
              {
                "$id": "p:63",
                "token": "id",
                "type": {
                  "type": "integer"
                },
                "nullable": true
              },
              {
                "$id": "p:64",
                "token": "mailUser",
                "type": {
                  "type": "string"
                },
                "nullable": true
              }
            ]
          }
        ]
      }
    },
    "graphSchemaExtensionsRepresentation": {
      "nodeKeyProperties": [
        {
          "node": {
            "$ref": "#n:n0"
          },
          "keyProperty": {
            "$ref": "#p:1"
          }
        },
        {
          "node": {
            "$ref": "#n:n1"
          },
          "keyProperty": {
            "$ref": "#p:6"
          }
        },
        {
          "node": {
            "$ref": "#n:n2"
          },
          "keyProperty": {
            "$ref": "#p:12"
          }
        },
        {
          "node": {
            "$ref": "#n:n3"
          },
          "keyProperty": {
            "$ref": "#p:16"
          }
        },
        {
          "node": {
            "$ref": "#n:n4"
          },
          "keyProperty": {
            "$ref": "#p:21"
          }
        },
        {
          "node": {
            "$ref": "#n:n5"
          },
          "keyProperty": {
            "$ref": "#p:25"
          }
        },
        {
          "node": {
            "$ref": "#n:n7"
          },
          "keyProperty": {
            "$ref": "#p:49"
          }
        }
      ]
    },
    "graphMappingRepresentation": {
      "dataSourceSchema": {
        "type": "local/csv",
        "tableSchemas": [
          {
            "$id": "t:1",
            "name": "author.csv",
            "expanded": true,
            "fields": [
              {
                "name": "id",
                "type": "integer",
                "sample": "1",
                "include": true
              },
              {
                "name": "name",
                "type": "string",
                "sample": "Joe",
                "include": true
              },
              {
                "name": "surname",
                "type": "string",
                "sample": "Rogan",
                "include": true
              },
              {
                "name": "productionLabel",
                "type": "string",
                "sample": "Rogan Studios",
                "include": true
              }
            ]
          },
          {
            "$id": "t:2",
            "name": "category.csv",
            "expanded": true,
            "fields": [
              {
                "name": "name",
                "type": "string",
                "sample": "Alternative",
                "include": true
              },
              {
                "name": "description",
                "type": "string",
                "sample": "A broad umbrella term that refers to non-mainstream music",
                "include": true
              }
            ]
          },
          {
            "$id": "t:3",
            "name": "conducted_by.csv",
            "expanded": true,
            "fields": [
              {
                "name": "idAuthor",
                "type": "integer",
                "sample": "1",
                "include": true
              },
              {
                "name": "idPodcast",
                "type": "integer",
                "sample": "1",
                "include": true
              }
            ]
          },
          {
            "$id": "t:4",
            "name": "favourite_playlist.csv",
            "expanded": true,
            "fields": [
              {
                "name": "idPlaylist",
                "type": "integer",
                "sample": "1",
                "include": true
              },
              {
                "name": "mailUser",
                "type": "string",
                "sample": "hannah.clark@email.com",
                "include": true
              },
              {
                "name": "favouriteDate",
                "type": "datetime",
                "sample": "2024-10-25",
                "include": true
              }
            ]
          },
          {
            "$id": "t:5",
            "name": "favourite_song.csv",
            "expanded": true,
            "fields": [
              {
                "name": "idSong",
                "type": "integer",
                "sample": "1",
                "include": true
              },
              {
                "name": "mailUser",
                "type": "string",
                "sample": "hannah.clark@email.com",
                "include": true
              },
              {
                "name": "favouriteDate",
                "type": "datetime",
                "sample": "2024-10-25",
                "include": true
              }
            ]
          },
          {
            "$id": "t:6",
            "name": "grouped_into.csv",
            "expanded": true,
            "fields": [
              {
                "name": "idSong",
                "type": "integer",
                "sample": "7",
                "include": true
              },
              {
                "name": "nameCategory",
                "type": "string",
                "sample": "Alternative",
                "include": true
              }
            ]
          },
          {
            "$id": "t:8",
            "name": "playlist.csv",
            "expanded": true,
            "fields": [
              {
                "name": "id",
                "type": "integer",
                "sample": "1",
                "include": true
              },
              {
                "name": "title",
                "type": "string",
                "sample": "Feel Good Vibes",
                "include": true
              },
              {
                "name": "creationDate",
                "type": "datetime",
                "sample": "2023-01-20",
                "include": true
              },
              {
                "name": "isPublic",
                "type": "boolean",
                "sample": "1",
                "include": true
              },
              {
                "name": "mailUser",
                "type": "string",
                "sample": "john.doe@email.com",
                "include": true
              }
            ]
          },
          {
            "$id": "t:9",
            "name": "podcast.csv",
            "expanded": true,
            "fields": [
              {
                "name": "id",
                "type": "integer",
                "sample": "1",
                "include": true
              },
              {
                "name": "title",
                "type": "string",
                "sample": "The Joe Rogan Experience",
                "include": true
              },
              {
                "name": "duration",
                "type": "integer",
                "sample": "120",
                "include": true
              },
              {
                "name": "publicationDate",
                "type": "datetime",
                "sample": "2023-01-15",
                "include": true
              }
            ]
          },
          {
            "$id": "t:10",
            "name": "produced_by.csv",
            "expanded": true,
            "fields": [
              {
                "name": "idArtist",
                "type": "integer",
                "sample": "1",
                "include": true
              },
              {
                "name": "idSong",
                "type": "integer",
                "sample": "1",
                "include": true
              }
            ]
          },
          {
            "$id": "t:11",
            "name": "song.csv",
            "expanded": true,
            "fields": [
              {
                "name": "id",
                "type": "integer",
                "sample": "1",
                "include": true
              },
              {
                "name": "title",
                "type": "string",
                "sample": "Thriller",
                "include": true
              },
              {
                "name": "duration",
                "type": "integer",
                "sample": "352",
                "include": true
              },
              {
                "name": "publicationDate",
                "type": "datetime",
                "sample": "1982-11-30",
                "include": true
              },
              {
                "name": "text",
                "type": "string",
                "sample": "It's close to midnight and something evil's lurking in the dark",
                "include": true
              }
            ]
          },
          {
            "$id": "t:12",
            "name": "user.csv",
            "expanded": true,
            "fields": [
              {
                "name": "mail",
                "type": "string",
                "sample": "alexander.rogers@email.com",
                "include": true
              },
              {
                "name": "username",
                "type": "string",
                "sample": "alexander_rogers",
                "include": true
              },
              {
                "name": "password",
                "type": "string",
                "sample": "r0g3rsAlex",
                "include": true
              },
              {
                "name": "registrationDate",
                "type": "datetime",
                "sample": "2023-11-30",
                "include": true
              },
              {
                "name": "isPremium",
                "type": "boolean",
                "sample": "0",
                "include": true
              }
            ]
          },
          {
            "$id": "t:13",
            "name": "added_song_to_playlist.csv",
            "expanded": true,
            "fields": [
              {
                "name": "idSong",
                "type": "integer",
                "sample": "1",
                "include": true
              },
              {
                "name": "idPlaylist",
                "type": "integer",
                "sample": "1",
                "include": true
              },
              {
                "name": "addedDate",
                "type": "datetime",
                "sample": "2023-01-25",
                "include": true
              }
            ]
          },
          {
            "$id": "t:14",
            "name": "artist.csv",
            "expanded": true,
            "fields": [
              {
                "name": "id",
                "type": "integer",
                "sample": "1",
                "include": true
              },
              {
                "name": "stageName",
                "type": "string",
                "sample": "Michael Jackson",
                "include": true
              },
              {
                "name": "name",
                "type": "string",
                "sample": "Michael",
                "include": true
              },
              {
                "name": "surname",
                "type": "string",
                "sample": "Jackson",
                "include": true
              },
              {
                "name": "dateOfBirth",
                "type": "datetime",
                "sample": "1958-08-29",
                "include": true
              },
              {
                "name": "recordLabel",
                "type": "string",
                "sample": "Epic Records",
                "include": true
              }
            ]
          },
          {
            "$id": "t:15",
            "name": "listen.csv",
            "expanded": true,
            "fields": [
              {
                "name": "id",
                "type": "integer",
                "sample": "1",
                "include": true
              },
              {
                "name": "date",
                "type": "datetime",
                "sample": "2023-01-15",
                "include": true
              },
              {
                "name": "finished",
                "type": "boolean",
                "sample": "1",
                "include": true
              },
              {
                "name": "mailUser",
                "type": "string",
                "sample": "john.doe@email.com",
                "include": true
              },
              {
                "name": "idSong",
                "type": "integer",
                "sample": "1",
                "include": true
              },
              {
                "name": "idPodcast",
                "type": "integer",
                "sample": "0",
                "include": true
              }
            ]
          }
        ]
      },
      "nodeMappings": [
        {
          "node": {
            "$ref": "#n:n0"
          },
          "tableSchema": {
            "$ref": "#t:11"
          },
          "propertyMappings": [
            {
              "fieldName": "id",
              "property": {
                "$ref": "#p:1"
              }
            },
            {
              "fieldName": "title",
              "property": {
                "$ref": "#p:2"
              }
            },
            {
              "fieldName": "duration",
              "property": {
                "$ref": "#p:3"
              }
            },
            {
              "fieldName": "publicationDate",
              "property": {
                "$ref": "#p:4"
              }
            },
            {
              "fieldName": "text",
              "property": {
                "$ref": "#p:5"
              }
            }
          ]
        },
        {
          "node": {
            "$ref": "#n:n1"
          },
          "tableSchema": {
            "$ref": "#t:14"
          },
          "propertyMappings": [
            {
              "fieldName": "id",
              "property": {
                "$ref": "#p:6"
              }
            },
            {
              "fieldName": "stageName",
              "property": {
                "$ref": "#p:7"
              }
            },
            {
              "fieldName": "name",
              "property": {
                "$ref": "#p:8"
              }
            },
            {
              "fieldName": "surname",
              "property": {
                "$ref": "#p:9"
              }
            },
            {
              "fieldName": "dateOfBirth",
              "property": {
                "$ref": "#p:10"
              }
            },
            {
              "fieldName": "recordLabel",
              "property": {
                "$ref": "#p:11"
              }
            }
          ]
        },
        {
          "node": {
            "$ref": "#n:n2"
          },
          "tableSchema": {
            "$ref": "#t:1"
          },
          "propertyMappings": [
            {
              "fieldName": "id",
              "property": {
                "$ref": "#p:12"
              }
            },
            {
              "fieldName": "name",
              "property": {
                "$ref": "#p:13"
              }
            },
            {
              "fieldName": "surname",
              "property": {
                "$ref": "#p:14"
              }
            },
            {
              "fieldName": "productionLabel",
              "property": {
                "$ref": "#p:15"
              }
            }
          ]
        },
        {
          "node": {
            "$ref": "#n:n3"
          },
          "tableSchema": {
            "$ref": "#t:8"
          },
          "propertyMappings": [
            {
              "fieldName": "id",
              "property": {
                "$ref": "#p:16"
              }
            },
            {
              "fieldName": "title",
              "property": {
                "$ref": "#p:17"
              }
            },
            {
              "fieldName": "creationDate",
              "property": {
                "$ref": "#p:18"
              }
            },
            {
              "fieldName": "isPublic",
              "property": {
                "$ref": "#p:19"
              }
            }
          ]
        },
        {
          "node": {
            "$ref": "#n:n4"
          },
          "tableSchema": {
            "$ref": "#t:9"
          },
          "propertyMappings": [
            {
              "fieldName": "id",
              "property": {
                "$ref": "#p:21"
              }
            },
            {
              "fieldName": "title",
              "property": {
                "$ref": "#p:22"
              }
            },
            {
              "fieldName": "duration",
              "property": {
                "$ref": "#p:23"
              }
            },
            {
              "fieldName": "publicationDate",
              "property": {
                "$ref": "#p:24"
              }
            }
          ]
        },
        {
          "node": {
            "$ref": "#n:n5"
          },
          "tableSchema": {
            "$ref": "#t:12"
          },
          "propertyMappings": [
            {
              "fieldName": "mail",
              "property": {
                "$ref": "#p:25"
              }
            },
            {
              "fieldName": "username",
              "property": {
                "$ref": "#p:26"
              }
            },
            {
              "fieldName": "password",
              "property": {
                "$ref": "#p:27"
              }
            },
            {
              "fieldName": "registrationDate",
              "property": {
                "$ref": "#p:28"
              }
            },
            {
              "fieldName": "isPremium",
              "property": {
                "$ref": "#p:29"
              }
            }
          ]
        },
        {
          "node": {
            "$ref": "#n:n7"
          },
          "tableSchema": {
            "$ref": "#t:2"
          },
          "propertyMappings": [
            {
              "fieldName": "name",
              "property": {
                "$ref": "#p:49"
              }
            },
            {
              "fieldName": "description",
              "property": {
                "$ref": "#p:50"
              }
            }
          ]
        }
      ],
      "relationshipMappings": [
        {
          "relationship": {
            "$ref": "#r:n0"
          },
          "tableSchema": {
            "$ref": "#t:10"
          },
          "propertyMappings": [
            {
              "fieldName": "idArtist",
              "property": {
                "$ref": "#p:36"
              }
            },
            {
              "fieldName": "idSong",
              "property": {
                "$ref": "#p:37"
              }
            }
          ],
          "fromMapping": {
            "fieldName": "idSong"
          },
          "toMapping": {
            "fieldName": "idArtist"
          }
        },
        {
          "relationship": {
            "$ref": "#r:n1"
          },
          "tableSchema": {
            "$ref": "#t:3"
          },
          "propertyMappings": [
            {
              "fieldName": "idAuthor",
              "property": {
                "$ref": "#p:38"
              }
            },
            {
              "fieldName": "idPodcast",
              "property": {
                "$ref": "#p:39"
              }
            }
          ],
          "fromMapping": {
            "fieldName": "idPodcast"
          },
          "toMapping": {
            "fieldName": "idAuthor"
          }
        },
        {
          "relationship": {
            "$ref": "#r:n2"
          },
          "tableSchema": {
            "$ref": "#t:13"
          },
          "propertyMappings": [
            {
              "fieldName": "idSong",
              "property": {
                "$ref": "#p:40"
              }
            },
            {
              "fieldName": "idPlaylist",
              "property": {
                "$ref": "#p:41"
              }
            },
            {
              "fieldName": "addedDate",
              "property": {
                "$ref": "#p:42"
              }
            }
          ],
          "fromMapping": {
            "fieldName": "idSong"
          },
          "toMapping": {
            "fieldName": "idPlaylist"
          }
        },
        {
          "relationship": {
            "$ref": "#r:n3"
          },
          "tableSchema": {
            "$ref": "#t:4"
          },
          "propertyMappings": [
            {
              "fieldName": "idPlaylist",
              "property": {
                "$ref": "#p:43"
              }
            },
            {
              "fieldName": "mailUser",
              "property": {
                "$ref": "#p:44"
              }
            },
            {
              "fieldName": "favouriteDate",
              "property": {
                "$ref": "#p:45"
              }
            }
          ],
          "fromMapping": {
            "fieldName": "mailUser"
          },
          "toMapping": {
            "fieldName": "idPlaylist"
          }
        },
        {
          "relationship": {
            "$ref": "#r:n4"
          },
          "tableSchema": {
            "$ref": "#t:5"
          },
          "propertyMappings": [
            {
              "fieldName": "idSong",
              "property": {
                "$ref": "#p:46"
              }
            },
            {
              "fieldName": "mailUser",
              "property": {
                "$ref": "#p:47"
              }
            },
            {
              "fieldName": "favouriteDate",
              "property": {
                "$ref": "#p:48"
              }
            }
          ],
          "fromMapping": {
            "fieldName": "mailUser"
          },
          "toMapping": {
            "fieldName": "idSong"
          }
        },
        {
          "relationship": {
            "$ref": "#r:n5"
          },
          "tableSchema": {
            "$ref": "#t:6"
          },
          "propertyMappings": [
            {
              "fieldName": "idSong",
              "property": {
                "$ref": "#p:51"
              }
            },
            {
              "fieldName": "nameCategory",
              "property": {
                "$ref": "#p:52"
              }
            }
          ],
          "fromMapping": {
            "fieldName": "idSong"
          },
          "toMapping": {
            "fieldName": "nameCategory"
          }
        },
        {
          "relationship": {
            "$ref": "#r:n9"
          },
          "tableSchema": {
            "$ref": "#t:15"
          },
          "propertyMappings": [
            {
              "fieldName": "id",
              "property": {
                "$ref": "#p:58"
              }
            },
            {
              "fieldName": "date",
              "property": {
                "$ref": "#p:59"
              }
            },
            {
              "fieldName": "finished",
              "property": {
                "$ref": "#p:60"
              }
            },
            {
              "fieldName": "mailUser",
              "property": {
                "$ref": "#p:61"
              }
            },
            {
              "fieldName": "idPodcast",
              "property": {
                "$ref": "#p:62"
              }
            }
          ],
          "fromMapping": {
            "fieldName": "mailUser"
          },
          "toMapping": {
            "fieldName": "idPodcast"
          }
        },
        {
          "relationship": {
            "$ref": "#r:n8"
          },
          "tableSchema": {
            "$ref": "#t:15"
          },
          "propertyMappings": [
            {
              "fieldName": "id",
              "property": {
                "$ref": "#p:53"
              }
            },
            {
              "fieldName": "date",
              "property": {
                "$ref": "#p:54"
              }
            },
            {
              "fieldName": "finished",
              "property": {
                "$ref": "#p:55"
              }
            },
            {
              "fieldName": "mailUser",
              "property": {
                "$ref": "#p:56"
              }
            },
            {
              "fieldName": "idSong",
              "property": {
                "$ref": "#p:57"
              }
            }
          ],
          "fromMapping": {
            "fieldName": "mailUser"
          },
          "toMapping": {
            "fieldName": "idSong"
          }
        },
        {
          "relationship": {
            "$ref": "#r:n10"
          },
          "tableSchema": {
            "$ref": "#t:8"
          },
          "propertyMappings": [
            {
              "property": {
                "$ref": "#p:63"
              },
              "fieldName": "id"
            },
            {
              "property": {
                "$ref": "#p:64"
              },
              "fieldName": "mailUser"
            }
          ],
          "fromMapping": {
            "fieldName": "mailUser"
          },
          "toMapping": {
            "fieldName": "id"
          }
        }
      ]
    },
    "configurations": {
      "idsToIgnore": []
    }
  }
}