"id";"title";"creationDate";"isPublic";"mailUser"
1;"Feel Good Vibes";"2023-01-20";1;"john.doe@email.com"
2;"Chill Out Lounge";"2023-02-10";1;"alice.smith@email.com"
3;"Workout Beats";"2023-03-15";1;"bob.jones@email.com"
4;"Study Session";"2023-04-25";1;"emily.white@email.com"
5;"Road Trip Mix";"2023-05-30";1;"david.wilson@email.com"
6;"Throwback Hits";"2023-06-05";1;"sarah.miller@email.com"
7;"Indie Discoveries";"2023-07-10";1;"michael.green@email.com"
8;"Relaxing Instrumentals";"2023-08-15";1;"linda.brown@email.com"
9;"Energetic Pop";"2023-09-20";1;"chris.davis@email.com"
10;"Feel the Rhythm";"2023-10-25";1;"olivia.johnson@email.com"
11;"Jazz Classics";"2023-11-30";1;"samuel.martin@email.com"
12;"90s Throwback";"2023-12-05";1;"grace.anderson@email.com"
13;"Acoustic Favorites";"2024-01-10";1;"peter.baker@email.com"
14;"Electronic Dance Party";"2024-02-15";1;"victoria.hall@email.com"
15;"Country Road Journey";"2024-03-20";1;"kevin.jenkins@email.com"
16;"Feel the Beat";"2024-04-25";1;"natalie.cooper@email.com"
17;"Classic Rock Anthems";"2024-05-30";1;"steven.turner@email.com"
18;"Mellow Moods";"2024-06-05";1;"laura.smith@email.com"
19;"Latin Fiesta";"2024-07-10";1;"ryan.morris@email.com"
20;"Hip Hop Hits";"2024-08-15";1;"jessica.white@email.com"
21;"Indie Rock Vibes";"2024-09-20";1;"nathan.king@email.com"
22;"Sunday Morning Relaxation";"2024-10-25";1;"hannah.clark@email.com"
23;"Alternative Jams";"2024-11-30";1;"alexander.rogers@email.com"
24;"Feel the Soul";"2024-12-05";1;"mia.ward@email.com"
25;"Best of 2025";"2025-01-10";1;"john.doe@email.com"
26;"Best of Rock";"2023-01-01";1;"alexander.rogers@email.com"
27;"Chill Vibes";"2023-02-15";0;"alexander.rogers@email.com"
28;"80s Classics";"2023-03-20";1;"alexander.rogers@email.com"
29;"Pop Hits 2023";"2023-04-05";0;"alexander.rogers@email.com"
30;"Party Mix";"2023-01-10";1;"alice.smith@email.com"
31;"Study Playlist";"2023-02-20";0;"alice.smith@email.com"
32;"Country Road";"2023-03-25";1;"alice.smith@email.com"
33;"Relax and Unwind";"2023-04-10";0;"alice.smith@email.com"
34;"Summer Vibes";"2023-01-02";1;"bob.jones@email.com"
35;"90s Nostalgia";"2023-02-16";0;"bob.jones@email.com"
36;"Top 40 Hits";"2023-03-21";1;"bob.jones@email.com"
37;"Acoustic Moods";"2023-04-06";0;"bob.jones@email.com"
38;"Smooth Jazz";"2023-01-11";1;"chris.davis@email.com"
39;"EDM Party";"2023-02-21";0;"chris.davis@email.com"
40;"Classical Classics";"2023-03-26";1;"chris.davis@email.com"
41;"Late Night Beats";"2023-04-11";0;"chris.davis@email.com"
42;"Feel Good Tunes";"2023-01-03";1;"david.wilson@email.com"
43;"Gym Workout Mix";"2023-02-17";0;"david.wilson@email.com"
44;"Soulful Rhythms";"2023-03-22";1;"david.wilson@email.com"
45;"Latin Fiesta";"2023-04-07";0;"david.wilson@email.com"
46;"Road Trip Jams";"2023-01-31";1;"emily.white@email.com"
47;"Indie Music Scene";"2023-02-14";0;"emily.white@email.com"
48;"Electronic Beats";"2023-03-19";1;"emily.white@email.com"
49;"R&B Grooves";"2023-04-04";0;"emily.white@email.com"
50;"Country Hits";"2023-01-04";1;"grace.anderson@email.com"
51;"Mellow Melodies";"2023-02-18";0;"grace.anderson@email.com"
52;"Reggae Vibes";"2023-03-23";1;"grace.anderson@email.com"
53;"Dance Party";"2023-04-08";0;"grace.anderson@email.com"
54;"80s Pop Hits";"2023-01-12";1;"hannah.clark@email.com"
55;"Alternative Rock";"2023-02-22";0;"hannah.clark@email.com"
56;"Blues and Beyond";"2023-03-27";1;"hannah.clark@email.com"
57;"Soothing Sounds";"2023-04-12";0;"hannah.clark@email.com"
58;"Classical Crossover";"2023-01-05";1;"jessica.white@email.com"
59;"Hip-Hop Essentials";"2023-02-19";0;"jessica.white@email.com"
60;"Party Anthems";"2023-03-24";1;"jessica.white@email.com"
61;"Coffeehouse Folk";"2023-04-09";0;"jessica.white@email.com"
62;"Top Hits 2023";"2023-01-13";1;"john.doe@email.com"
63;"Country Roads";"2023-02-23";0;"john.doe@email.com"
64;"Laid-Back Lounge";"2023-03-28";1;"john.doe@email.com"
65;"Alternative Jams";"2023-04-13";0;"john.doe@email.com"
66;"Indie Vibes";"2023-01-06";1;"kevin.jenkins@email.com"
67;"Pop Party Mix";"2023-02-20";0;"kevin.jenkins@email.com"
68;"Rock Classics";"2023-03-25";1;"kevin.jenkins@email.com"
69;"Blues Rock";"2023-04-10";0;"kevin.jenkins@email.com"
70;"Chill Out Tunes";"2023-01-14";1;"laura.smith@email.com"
71;"Reggaeton Fever";"2023-02-24";0;"laura.smith@email.com"
72;"Jazz Lounge";"2023-03-29";1;"laura.smith@email.com"
73;"Acoustic Sessions";"2023-04-14";0;"laura.smith@email.com"
74;"Pop Perfection";"2023-01-07";1;"linda.brown@email.com"
75;"Rap Rhymes";"2023-02-21";0;"linda.brown@email.com"
76;"Soulful Serenades";"2023-03-26";1;"linda.brown@email.com"
77;"Summer Party";"2023-04-11";0;"linda.brown@email.com"
78;"Rock Revolution";"2023-01-15";1;"mia.ward@email.com"
79;"Electronic Grooves";"2023-02-25";0;"mia.ward@email.com"
80;"Classical Journey";"2023-03-30";1;"mia.ward@email.com"
81;"Hip-Hop Hits";"2023-04-15";0;"mia.ward@email.com"
82;"Soulful Grooves";"2023-01-08";1;"michael.green@email.com"
83;"Dance Fever";"2023-02-22";0;"michael.green@email.com"
84;"Jazz Fusion";"2023-03-27";1;"michael.green@email.com"
85;"Relaxation Station";"2023-04-12";0;"michael.green@email.com"
86;"Indie Pop Hits";"2023-01-16";1;"natalie.cooper@email.com"
