"id";"title";"duration";"publicationDate"
1;"The Joe Rogan Experience";120;"2023-01-15"
2;"Serial";60;"2022-12-01"
3;"The Daily";45;"2023-02-20"
4;"TED Talks Daily";20;"2023-03-10"
5;"How I Built This";30;"2023-04-05"
6;"Stuff You Should Know";25;"2023-05-12"
7;"Radiolab";50;"2023-06-08"
8;"The Tim Ferriss Show";90;"2023-07-17"
9;"Science Vs";35;"2023-08-22"
10;"The Moth";15;"2023-09-01"
11;"Freakonomics Radio";40;"2023-10-18"
12;"The Michelle Obama Podcast";55;"2023-11-03"
13;"Armchair Expert";75;"2023-12-09"
14;"The TED Interview";22;"2024-01-25"
15;"The Tony Robbins Podcast";80;"2024-02-14"
16;"How to Start a Startup";28;"2024-03-30"
17;"The GaryVee Audio Experience";65;"2024-04-22"
18;"The Dave Ramsey Show";55;"2024-05-11"
19;"Revisionist History";33;"2024-06-28"
20;"The School of Greatness";70;"2024-07-07"
21;"The H3 Podcast";45;"2024-08-14"
22;"The Art of Charm";60;"2024-09-19"
23;"The StartUp Podcast";40;"2024-10-26"
24;"The Hidden Brain";30;"2024-11-05"
25;"The SmartLess Podcast";50;"2024-12-12"
