"id";"title";"duration";"publicationDate";"text"
1;"Thriller";352;"1982-11-30";"It's close to midnight and something evil's lurking in the dark"
2;"Bohemian Rhapsody";355;"1975-10-31";"Is this the real life? Is this just fantasy?"
3;"Billie Jean";292;"1983-01-02";"She was more like a beauty queen from a movie scene"
4;"Like a Rolling Stone";369;"1965-07-20";"Once upon a time you dressed so fine"
5;"Hey Jude";431;"1968-08-26";"Hey Jude, don't make it bad, take a sad song and make it better"
6;"Imagine";183;"1971-10-11";"Imagine there's no heaven, it's easy if you try"
7;"What's Going On";210;"1971-01-20";"Mother, mother, there's too many of you crying"
8;"Purple Haze";170;"1967-03-17";"Purple haze all in my brain"
9;"Superstition";249;"1972-10-24";"Very superstitious, writings on the wall"
10;"Hotel California";391;"1977-12-08";"On a dark desert highway, cool wind in my hair"
11;"Stairway to Heaven";482;"1971-11-08";"There's a lady who's sure all that glitters is gold"
12;"Yesterday";126;"1965-09-13";"Yesterday, all my troubles seemed so far away"
13;"Like a Virgin";224;"1984-11-06";"I made it through the wilderness, somehow I made it through"
14;"What's Love Got to Do with It";215;"1984-05-01";"What's love got to do, got to do with it"
15;"Every Breath You Take";243;"1983-05-20";"Every breath you take, every move you make"
16;"I Want to Hold Your Hand";143;"1963-11-29";"Oh yeah, I'll tell you something I think you'll understand"
17;"My Generation";223;"1965-11-05";"People try to put us d-down (Talkin' 'bout my generation)"
18;"Johnny B. Goode";162;"1958-03-31";"Deep down in Louisiana close to New Orleans"
19;"La Bamba";168;"1958-10-18";"Para bailar la Bamba, Para bailar la Bamba"
20;"I Will Always Love You";273;"1992-11-03";"If I should stay, I would only be in your way"
21;"Smells Like Teen Spirit";298;"1991-09-10";"Load up on guns, bring your friends"
22;"Hound Dog";136;"1956-07-13";"You ain't nothin' but a hound dog"
23;"Tutti Frutti";150;"1955-11-14";"A-wop-bop-a-loo-bop, a-lop-bam-boom"
24;"The Twist";165;"1960-07-09";"Come on baby, let's do the twist"
25;"I Can't Get No Satisfaction";222;"1965-05-20";"I can't get no satisfaction, 'cause I try and I try and I try and I try"
28;"Beat It";258;"1983-02-14";""
29;"Smooth Criminal";238;"1988-10-24";""
30;"Black or White";238;"1991-11-11";""
31;"The Way You Make Me Feel";240;"1987-11-09";""
32;"Man in the Mirror";320;"1988-01-09";""
33;"Don't Stop 'Til You Get Enough";237;"1979-07-10";""
34;"Rock with You";207;"1979-11-03";""
35;"Bad";246;"1987-09-07";""
37;"We Will Rock You";134;"1977-10-07";"Text"
38;"Somebody to Love";298;"1976-11-12";"Text"
39;"Radio Ga Ga";313;"1984-01-23";"Text"
40;"Crazy Little Thing Called Love";159;"1979-10-05";"Text"
41;"Jailhouse Rock";156;"1957-09-24";"Text"
43;"Love Me Tender";162;"1956-09-28";"Text"
44;"Can't Help Falling in Love";180;"1961-11-21";"Text"
45;"Suspicious Minds";241;"1969-08-26";"Text"
47;"Blowin' in the Wind";150;"1962-07-09";"Text"
48;"The Times They Are a-Changin'";191;"1964-01-13";"Text"
49;"Knockin' on Heaven's Door";172;"1973-01-29";"Text"
50;"Tangled Up in Blue";340;"1974-01-17";"Text"
52;"Let It Be";243;"1970-03-06";"Text"
54;"Band on the Run";286;"1973-06-28";"Text"
55;"Maybe I'm Amazed";216;"1970-04-17";"Text"
57;"Jealous Guy";244;"1971-09-11";"Text"
58;"Give Peace a Chance";273;"1969-07-04";"Text"
59;"Working Class Hero";234;"1970-12-11";"Text"
60;"Instant Karma!";198;"1970-02-06";"Text"
61;"My Favorite Things";447;"1961-03-07";"Text"
62;"Giant Steps";333;"1960-02-01";"Text"
63;"A Love Supreme";224;"1965-02-02";"Text"
64;"Naima";270;"1959-02-04";"Text"
65;"Blue Train";416;"1957-09-15";"Text"
67;"All Along the Watchtower";240;"1968-09-21";"Text"
68;"Voodoo Child (Slight Return)";329;"1968-10-25";"Text"
69;"Little Wing";145;"1967-03-17";"Text"
70;"The Wind Cries Mary";180;"1967-05-05";"Text"
72;"Isn't She Lovely";331;"1976-08-24";"Text"
73;"Living for the City";392;"1973-11-15";"Text"
74;"I Just Called to Say I Love You";267;"1984-08-01";"Text"
75;"Sir Duke";193;"1977-03-22";"Text"
77;"Take It Easy";189;"1972-05-01";"Text"
78;"Desperado";206;"1973-04-17";"Text"
79;"New Kid in Town";324;"1976-11-05";"Text"
80;"Peaceful Easy Feeling";237;"1972-11-18";"Text"
82;"Whole Lotta Love";329;"1969-11-07";"Text"
83;"Kashmir";494;"1975-02-24";"Text"
84;"Black Dog";296;"1971-12-02";"Text"
85;"Immigrant Song";140;"1970-10-05";"Text"
86;"Paint It Black";213;"1966-05-13";"Text"
87;"Angie";291;"1973-08-20";"Text"
88;"Sympathy for the Devil";354;"1968-12-06";"Text"
89;"Brown Sugar";217;"1971-04-16";"Text"
90;"Wild Horses";346;"1971-04-23";"Text"
94;"Twist and Shout";152;"1963-03-02";"Text"
95;"Come Together";260;"1969-09-26";"Text"
97;"Simply the Best";261;"1989-06-01";"Text"
98;"Private Dancer";239;"1983-09-01";"Text"
99;"Proud Mary";212;"1971-08-01";"Text"
100;"Nutbush City Limits";162;"1973-08-01";"Text"
102;"Vogue";304;"1990-03-20";"Text"
103;"Material Girl";224;"1984-01-30";"Text"
104;"Like a Prayer";330;"1989-03-03";"Text"
105;"Holiday";205;"1983-09-06";"Text"
107;"Roxanne";202;"1978-04-07";"Text"
108;"Message in a Bottle";257;"1979-09-21";"Text"
109;"Don't Stand So Close to Me";243;"1980-09-05";"Text"
110;"King of Pain";284;"1983-08-24";"Text"
112;"Maybellene";162;"1955-07-01";"Text"
113;"Roll Over Beethoven";156;"1956-05-01";"Text"
114;"Sweet Little Sixteen";170;"1958-01-01";"Text"
115;"You Never Can Tell";157;"1964-01-01";"Text"
