"mail";"username";"password";"registrationDate";"isPremium"
"alexander.rogers@email.com";"alexander_rogers";"r0g3rsAlex";"2023-11-30";0
"alice.smith@email.com";"alice_smith";"myp@ssword";"2022-02-15";1
"bob.jones@email.com";"bob_jones";"pass1234";"2022-03-20";0
"chris.davis@email.com";"chris_davis";"davischris";"2022-09-20";1
"david.wilson@email.com";"david_wilson";"p@ssw0rd";"2022-05-30";1
"emily.white@email.com";"emily_white";"strongP@ss";"2022-04-25";0
"gorinima@gmail.com";"Goro";"SEEEE";"2022-07-01";1
"grace.anderson@email.com";"grace_anderson";"gracefulPass";"2022-12-05";1
"hannah.clark@email.com";"hannah_clark";"clarkH@nn@h";"2023-10-25";1
"jessica.white@email.com";"jessica_white";"whit3J@ss";"2023-08-15";0
"john.doe@email.com";"john_doe";"securepass123";"2022-01-10";1
"kevin.jenkins@email.com";"kevin_jenkins";"jenkinsKevin";"2023-03-20";0
"laura.smith@email.com";"laura_smith";"l@ur@Smith";"2023-06-05";1
"linda.brown@email.com";"linda_brown";"browneyes";"2022-08-15";0
"mia.ward@email.com";"mia_ward";"w@rdMia";"2023-12-05";1
"michael.green@email.com";"michael_green";"greenPass";"2022-07-10";0
"natalie.cooper@email.com";"natalie_cooper";"cooperN@t";"2023-04-25";0
"nathan.king@email.com";"nathan_king";"kingn@than";"2023-09-20";1
"olivia.johnson@email.com";"olivia_johnson";"livvypass";"2022-10-25";1
"peter.baker@email.com";"peter_baker";"bakerpeter";"2023-01-10";0
"ryan.morris@email.com";"ryan_morris";"morr1sRyan";"2023-07-10";0
"samuel.martin@email.com";"samuel_martin";"m@rtinSam";"2022-11-30";0
"sarah.miller@email.com";"sarah_miller";"secur3p@ss";"2022-06-05";1
"steven.turner@email.com";"steven_turner";"turnerSteve";"2023-05-30";1
"victoria.hall@email.com";"victoria_hall";"h@llvict0ria";"2023-02-15";1
